﻿<?xml version="1.0" encoding="utf-8"?>
<abapGit version="v1.0.0" serializer="LCL_OBJECT_DOMA" serializer_version="v1.0.0">
 <asx:abap xmlns:asx="http://www.sap.com/abapxml" version="1.0">
  <asx:values>
   <DD01V>
    <DOMNAME>ZD_AR_INTEREST</DOMNAME>
    <DDLANGUAGE>3</DDLANGUAGE>
    <DATATYPE>CHAR</DATATYPE>
    <LENG>000002</LENG>
    <OUTPUTLEN>000002</OUTPUTLEN>
    <VALEXI>X</VALEXI>
    <DDTEXT>채권이자구분</DDTEXT>
   </DD01V>
   <DD07V_TAB>
    <DD07V>
     <DOMNAME>ZD_AR_INTEREST</DOMNAME>
     <VALPOS>0001</VALPOS>
     <DDLANGUAGE>3</DDLANGUAGE>
     <DOMVALUE_L>00</DOMVALUE_L>
     <DDTEXT>채권 등의 이자지급기간중 매입[매도시 원천징수한 보유기간 이자상당액</DDTEXT>
    </DD07V>
    <DD07V>
     <DOMNAME>ZD_AR_INTEREST</DOMNAME>
     <VALPOS>0002</VALPOS>
     <DDLANGUAGE>3</DDLANGUAGE>
     <DOMVALUE_L>11</DOMVALUE_L>
     <DDTEXT>환매조건부채권 매매거래에서 매수자가 원천징수하는 이자 상당액</DDTEXT>
    </DD07V>
    <DD07V>
     <DOMNAME>ZD_AR_INTEREST</DOMNAME>
     <VALPOS>0003</VALPOS>
     <DDLANGUAGE>3</DDLANGUAGE>
     <DOMVALUE_L>55</DOMVALUE_L>
     <DDTEXT>낮은세율이 적용되는 채권등으로 금융기관이 환급세액을 대신 지급하는 경우</DDTEXT>
    </DD07V>
    <DD07V>
     <DOMNAME>ZD_AR_INTEREST</DOMNAME>
     <VALPOS>0004</VALPOS>
     <DDLANGUAGE>3</DDLANGUAGE>
     <DOMVALUE_L>66</DOMVALUE_L>
     <DDTEXT>채권등의 이자등을 지급받는 경우 이자등 지급총액</DDTEXT>
    </DD07V>
    <DD07V>
     <DOMNAME>ZD_AR_INTEREST</DOMNAME>
     <VALPOS>0005</VALPOS>
     <DDLANGUAGE>3</DDLANGUAGE>
     <DOMVALUE_L>77</DOMVALUE_L>
     <DDTEXT>채권등의 중도매도시 원천징수한 것으로 보는 보유기간이자상당액</DDTEXT>
    </DD07V>
    <DD07V>
     <DOMNAME>ZD_AR_INTEREST</DOMNAME>
     <VALPOS>0006</VALPOS>
     <DDLANGUAGE>3</DDLANGUAGE>
     <DOMVALUE_L>88</DOMVALUE_L>
     <DDTEXT>(외국법인의 경우) 높은 세율 적용시 원천징수한 보유기간이자상당액</DDTEXT>
    </DD07V>
    <DD07V>
     <DOMNAME>ZD_AR_INTEREST</DOMNAME>
     <VALPOS>0007</VALPOS>
     <DDLANGUAGE>3</DDLANGUAGE>
     <DOMVALUE_L>99</DOMVALUE_L>
     <DDTEXT>채권등의 이자등을 지급받는 경우에는 해당 채권등의 보유자의 보유기간이자상당액</DDTEXT>
    </DD07V>
   </DD07V_TAB>
  </asx:values>
 </asx:abap>
</abapGit>
