﻿<?xml version="1.0" encoding="utf-8"?>
<abapGit version="v1.0.0" serializer="LCL_OBJECT_DOMA" serializer_version="v1.0.0">
 <asx:abap xmlns:asx="http://www.sap.com/abapxml" version="1.0">
  <asx:values>
   <DD01V>
    <DOMNAME>ZD_APRV_AMT</DOMNAME>
    <DDLANGUAGE>3</DDLANGUAGE>
    <DATATYPE>CURR</DATATYPE>
    <LENG>000023</LENG>
    <OUTPUTLEN>000030</OUTPUTLEN>
    <DECIMALS>000002</DECIMALS>
    <DDTEXT>신용카드금액 (원)</DDTEXT>
   </DD01V>
  </asx:values>
 </asx:abap>
</abapGit>
