﻿<?xml version="1.0" encoding="utf-8"?>
<abapGit version="v1.0.0" serializer="LCL_OBJECT_DOMA" serializer_version="v1.0.0">
 <asx:abap xmlns:asx="http://www.sap.com/abapxml" version="1.0">
  <asx:values>
   <DD01V>
    <DOMNAME>ZD_BUSIN_TYPE</DOMNAME>
    <DDLANGUAGE>3</DDLANGUAGE>
    <DATATYPE>NUMC</DATATYPE>
    <LENG>000006</LENG>
    <OUTPUTLEN>000006</OUTPUTLEN>
    <VALEXI>X</VALEXI>
    <DDTEXT>사업소득 업종코드</DDTEXT>
   </DD01V>
   <DD07V_TAB>
    <DD07V>
     <DOMNAME>ZD_BUSIN_TYPE</DOMNAME>
     <VALPOS>0001</VALPOS>
     <DDLANGUAGE>3</DDLANGUAGE>
     <DOMVALUE_L>851101</DOMVALUE_L>
     <DDTEXT>병의원</DDTEXT>
    </DD07V>
    <DD07V>
     <DOMNAME>ZD_BUSIN_TYPE</DOMNAME>
     <VALPOS>0002</VALPOS>
     <DDLANGUAGE>3</DDLANGUAGE>
     <DOMVALUE_L>940100</DOMVALUE_L>
     <DDTEXT>저술가</DDTEXT>
    </DD07V>
    <DD07V>
     <DOMNAME>ZD_BUSIN_TYPE</DOMNAME>
     <VALPOS>0003</VALPOS>
     <DDLANGUAGE>3</DDLANGUAGE>
     <DOMVALUE_L>940200</DOMVALUE_L>
     <DDTEXT>화가관련</DDTEXT>
    </DD07V>
    <DD07V>
     <DOMNAME>ZD_BUSIN_TYPE</DOMNAME>
     <VALPOS>0004</VALPOS>
     <DDLANGUAGE>3</DDLANGUAGE>
     <DOMVALUE_L>940301</DOMVALUE_L>
     <DDTEXT>작곡가</DDTEXT>
    </DD07V>
    <DD07V>
     <DOMNAME>ZD_BUSIN_TYPE</DOMNAME>
     <VALPOS>0005</VALPOS>
     <DDLANGUAGE>3</DDLANGUAGE>
     <DOMVALUE_L>940302</DOMVALUE_L>
     <DDTEXT>배우</DDTEXT>
    </DD07V>
    <DD07V>
     <DOMNAME>ZD_BUSIN_TYPE</DOMNAME>
     <VALPOS>0006</VALPOS>
     <DDLANGUAGE>3</DDLANGUAGE>
     <DOMVALUE_L>940303</DOMVALUE_L>
     <DDTEXT>모델</DDTEXT>
    </DD07V>
    <DD07V>
     <DOMNAME>ZD_BUSIN_TYPE</DOMNAME>
     <VALPOS>0007</VALPOS>
     <DDLANGUAGE>3</DDLANGUAGE>
     <DOMVALUE_L>940304</DOMVALUE_L>
     <DDTEXT>가수</DDTEXT>
    </DD07V>
    <DD07V>
     <DOMNAME>ZD_BUSIN_TYPE</DOMNAME>
     <VALPOS>0008</VALPOS>
     <DDLANGUAGE>3</DDLANGUAGE>
     <DOMVALUE_L>940305</DOMVALUE_L>
     <DDTEXT>성악가</DDTEXT>
    </DD07V>
    <DD07V>
     <DOMNAME>ZD_BUSIN_TYPE</DOMNAME>
     <VALPOS>0009</VALPOS>
     <DDLANGUAGE>3</DDLANGUAGE>
     <DOMVALUE_L>940500</DOMVALUE_L>
     <DDTEXT>연예보조</DDTEXT>
    </DD07V>
    <DD07V>
     <DOMNAME>ZD_BUSIN_TYPE</DOMNAME>
     <VALPOS>0010</VALPOS>
     <DDLANGUAGE>3</DDLANGUAGE>
     <DOMVALUE_L>940600</DOMVALUE_L>
     <DDTEXT>자문·고문</DDTEXT>
    </DD07V>
    <DD07V>
     <DOMNAME>ZD_BUSIN_TYPE</DOMNAME>
     <VALPOS>0011</VALPOS>
     <DDLANGUAGE>3</DDLANGUAGE>
     <DOMVALUE_L>940901</DOMVALUE_L>
     <DDTEXT>바둑기사</DDTEXT>
    </DD07V>
    <DD07V>
     <DOMNAME>ZD_BUSIN_TYPE</DOMNAME>
     <VALPOS>0012</VALPOS>
     <DDLANGUAGE>3</DDLANGUAGE>
     <DOMVALUE_L>940902</DOMVALUE_L>
     <DDTEXT>꽃꽃이교사</DDTEXT>
    </DD07V>
    <DD07V>
     <DOMNAME>ZD_BUSIN_TYPE</DOMNAME>
     <VALPOS>0013</VALPOS>
     <DDLANGUAGE>3</DDLANGUAGE>
     <DOMVALUE_L>940903</DOMVALUE_L>
     <DDTEXT>학원강사</DDTEXT>
    </DD07V>
    <DD07V>
     <DOMNAME>ZD_BUSIN_TYPE</DOMNAME>
     <VALPOS>0014</VALPOS>
     <DDLANGUAGE>3</DDLANGUAGE>
     <DOMVALUE_L>940904</DOMVALUE_L>
     <DDTEXT>직업운동가</DDTEXT>
    </DD07V>
    <DD07V>
     <DOMNAME>ZD_BUSIN_TYPE</DOMNAME>
     <VALPOS>0015</VALPOS>
     <DDLANGUAGE>3</DDLANGUAGE>
     <DOMVALUE_L>940905</DOMVALUE_L>
     <DDTEXT>유흥접객원</DDTEXT>
    </DD07V>
    <DD07V>
     <DOMNAME>ZD_BUSIN_TYPE</DOMNAME>
     <VALPOS>0016</VALPOS>
     <DDLANGUAGE>3</DDLANGUAGE>
     <DOMVALUE_L>940906</DOMVALUE_L>
     <DDTEXT>보험설계</DDTEXT>
    </DD07V>
    <DD07V>
     <DOMNAME>ZD_BUSIN_TYPE</DOMNAME>
     <VALPOS>0017</VALPOS>
     <DDLANGUAGE>3</DDLANGUAGE>
     <DOMVALUE_L>940907</DOMVALUE_L>
     <DDTEXT>음료배달</DDTEXT>
    </DD07V>
    <DD07V>
     <DOMNAME>ZD_BUSIN_TYPE</DOMNAME>
     <VALPOS>0018</VALPOS>
     <DDLANGUAGE>3</DDLANGUAGE>
     <DOMVALUE_L>940908</DOMVALUE_L>
     <DDTEXT>방판·외판</DDTEXT>
    </DD07V>
    <DD07V>
     <DOMNAME>ZD_BUSIN_TYPE</DOMNAME>
     <VALPOS>0019</VALPOS>
     <DDLANGUAGE>3</DDLANGUAGE>
     <DOMVALUE_L>940909</DOMVALUE_L>
     <DDTEXT>기타자영업</DDTEXT>
    </DD07V>
    <DD07V>
     <DOMNAME>ZD_BUSIN_TYPE</DOMNAME>
     <VALPOS>0020</VALPOS>
     <DDLANGUAGE>3</DDLANGUAGE>
     <DOMVALUE_L>940910</DOMVALUE_L>
     <DDTEXT>다단계판매</DDTEXT>
    </DD07V>
    <DD07V>
     <DOMNAME>ZD_BUSIN_TYPE</DOMNAME>
     <VALPOS>0021</VALPOS>
     <DDLANGUAGE>3</DDLANGUAGE>
     <DOMVALUE_L>940911</DOMVALUE_L>
     <DDTEXT>기타모집수당</DDTEXT>
    </DD07V>
    <DD07V>
     <DOMNAME>ZD_BUSIN_TYPE</DOMNAME>
     <VALPOS>0022</VALPOS>
     <DDLANGUAGE>3</DDLANGUAGE>
     <DOMVALUE_L>940912</DOMVALUE_L>
     <DDTEXT>간병인</DDTEXT>
    </DD07V>
    <DD07V>
     <DOMNAME>ZD_BUSIN_TYPE</DOMNAME>
     <VALPOS>0023</VALPOS>
     <DDLANGUAGE>3</DDLANGUAGE>
     <DOMVALUE_L>940913</DOMVALUE_L>
     <DDTEXT>대리운전</DDTEXT>
    </DD07V>
    <DD07V>
     <DOMNAME>ZD_BUSIN_TYPE</DOMNAME>
     <VALPOS>0024</VALPOS>
     <DDLANGUAGE>3</DDLANGUAGE>
     <DOMVALUE_L>940914</DOMVALUE_L>
     <DDTEXT>캐디</DDTEXT>
    </DD07V>
    <DD07V>
     <DOMNAME>ZD_BUSIN_TYPE</DOMNAME>
     <VALPOS>0025</VALPOS>
     <DDLANGUAGE>3</DDLANGUAGE>
     <DOMVALUE_L>940915</DOMVALUE_L>
     <DDTEXT>목욕관리사</DDTEXT>
    </DD07V>
    <DD07V>
     <DOMNAME>ZD_BUSIN_TYPE</DOMNAME>
     <VALPOS>0026</VALPOS>
     <DDLANGUAGE>3</DDLANGUAGE>
     <DOMVALUE_L>940916</DOMVALUE_L>
     <DDTEXT>행사도우미</DDTEXT>
    </DD07V>
    <DD07V>
     <DOMNAME>ZD_BUSIN_TYPE</DOMNAME>
     <VALPOS>0027</VALPOS>
     <DDLANGUAGE>3</DDLANGUAGE>
     <DOMVALUE_L>940917</DOMVALUE_L>
     <DDTEXT>심부름용역</DDTEXT>
    </DD07V>
    <DD07V>
     <DOMNAME>ZD_BUSIN_TYPE</DOMNAME>
     <VALPOS>0028</VALPOS>
     <DDLANGUAGE>3</DDLANGUAGE>
     <DOMVALUE_L>940918</DOMVALUE_L>
     <DDTEXT>퀵서비스</DDTEXT>
    </DD07V>
    <DD07V>
     <DOMNAME>ZD_BUSIN_TYPE</DOMNAME>
     <VALPOS>0029</VALPOS>
     <DDLANGUAGE>3</DDLANGUAGE>
     <DOMVALUE_L>940919</DOMVALUE_L>
     <DDTEXT>물품배달</DDTEXT>
    </DD07V>
   </DD07V_TAB>
  </asx:values>
 </asx:abap>
</abapGit>
