﻿<?xml version="1.0" encoding="utf-8"?>
<abapGit version="v1.0.0" serializer="LCL_OBJECT_DOMA" serializer_version="v1.0.0">
 <asx:abap xmlns:asx="http://www.sap.com/abapxml" version="1.0">
  <asx:values>
   <DD01V>
    <DOMNAME>ZD_BANK_ID</DOMNAME>
    <DDLANGUAGE>3</DDLANGUAGE>
    <DATATYPE>CHAR</DATATYPE>
    <LENG>000003</LENG>
    <OUTPUTLEN>000003</OUTPUTLEN>
    <VALEXI>X</VALEXI>
    <DDTEXT>카드사코드</DDTEXT>
   </DD01V>
   <DD07V_TAB>
    <DD07V>
     <DOMNAME>ZD_BANK_ID</DOMNAME>
     <VALPOS>0001</VALPOS>
     <DDLANGUAGE>3</DDLANGUAGE>
     <DOMVALUE_L>18</DOMVALUE_L>
     <DDTEXT>신한카드</DDTEXT>
    </DD07V>
    <DD07V>
     <DOMNAME>ZD_BANK_ID</DOMNAME>
     <VALPOS>0002</VALPOS>
     <DDLANGUAGE>3</DDLANGUAGE>
     <DOMVALUE_L>32</DOMVALUE_L>
     <DDTEXT>롯데카드</DDTEXT>
    </DD07V>
    <DD07V>
     <DOMNAME>ZD_BANK_ID</DOMNAME>
     <VALPOS>0003</VALPOS>
     <DDLANGUAGE>3</DDLANGUAGE>
     <DOMVALUE_L>13</DOMVALUE_L>
     <DDTEXT>삼성카드</DDTEXT>
    </DD07V>
    <DD07V>
     <DOMNAME>ZD_BANK_ID</DOMNAME>
     <VALPOS>0004</VALPOS>
     <DDLANGUAGE>3</DDLANGUAGE>
     <DOMVALUE_L>19</DOMVALUE_L>
     <DDTEXT>씨티카드</DDTEXT>
    </DD07V>
    <DD07V>
     <DOMNAME>ZD_BANK_ID</DOMNAME>
     <VALPOS>0005</VALPOS>
     <DDLANGUAGE>3</DDLANGUAGE>
     <DOMVALUE_L>14</DOMVALUE_L>
     <DDTEXT>외환카드</DDTEXT>
    </DD07V>
    <DD07V>
     <DOMNAME>ZD_BANK_ID</DOMNAME>
     <VALPOS>0006</VALPOS>
     <DDLANGUAGE>3</DDLANGUAGE>
     <DOMVALUE_L>20</DOMVALUE_L>
     <DDTEXT>하나카드(하나SK로 통합됨)</DDTEXT>
    </DD07V>
    <DD07V>
     <DOMNAME>ZD_BANK_ID</DOMNAME>
     <VALPOS>0007</VALPOS>
     <DDLANGUAGE>3</DDLANGUAGE>
     <DOMVALUE_L>21</DOMVALUE_L>
     <DDTEXT>하나SK카드</DDTEXT>
    </DD07V>
    <DD07V>
     <DOMNAME>ZD_BANK_ID</DOMNAME>
     <VALPOS>0008</VALPOS>
     <DDLANGUAGE>3</DDLANGUAGE>
     <DOMVALUE_L>12</DOMVALUE_L>
     <DDTEXT>현대카드</DDTEXT>
    </DD07V>
    <DD07V>
     <DOMNAME>ZD_BANK_ID</DOMNAME>
     <VALPOS>0009</VALPOS>
     <DDLANGUAGE>3</DDLANGUAGE>
     <DOMVALUE_L>16</DOMVALUE_L>
     <DDTEXT>BC카드</DDTEXT>
    </DD07V>
    <DD07V>
     <DOMNAME>ZD_BANK_ID</DOMNAME>
     <VALPOS>0010</VALPOS>
     <DDLANGUAGE>3</DDLANGUAGE>
     <DOMVALUE_L>11</DOMVALUE_L>
     <DDTEXT>KB카드</DDTEXT>
    </DD07V>
   </DD07V_TAB>
  </asx:values>
 </asx:abap>
</abapGit>
