﻿<?xml version="1.0" encoding="utf-8"?>
<abapGit version="v1.0.0" serializer="LCL_OBJECT_DOMA" serializer_version="v1.0.0">
 <asx:abap xmlns:asx="http://www.sap.com/abapxml" version="1.0">
  <asx:values>
   <DD01V>
    <DOMNAME>ZD_BILL_BANK_ID</DOMNAME>
    <DDLANGUAGE>3</DDLANGUAGE>
    <DATATYPE>CHAR</DATATYPE>
    <LENG>000003</LENG>
    <OUTPUTLEN>000003</OUTPUTLEN>
    <VALEXI>X</VALEXI>
    <DDTEXT>결제금융기관코드</DDTEXT>
   </DD01V>
   <DD07V_TAB>
    <DD07V>
     <DOMNAME>ZD_BILL_BANK_ID</DOMNAME>
     <VALPOS>0001</VALPOS>
     <DDLANGUAGE>3</DDLANGUAGE>
     <DOMVALUE_L>02</DOMVALUE_L>
     <DDTEXT>산업은행</DDTEXT>
    </DD07V>
    <DD07V>
     <DOMNAME>ZD_BILL_BANK_ID</DOMNAME>
     <VALPOS>0002</VALPOS>
     <DDLANGUAGE>3</DDLANGUAGE>
     <DOMVALUE_L>03</DOMVALUE_L>
     <DDTEXT>기업은행</DDTEXT>
    </DD07V>
    <DD07V>
     <DOMNAME>ZD_BILL_BANK_ID</DOMNAME>
     <VALPOS>0003</VALPOS>
     <DDLANGUAGE>3</DDLANGUAGE>
     <DOMVALUE_L>04</DOMVALUE_L>
     <DDTEXT>국민은행</DDTEXT>
    </DD07V>
    <DD07V>
     <DOMNAME>ZD_BILL_BANK_ID</DOMNAME>
     <VALPOS>0004</VALPOS>
     <DDLANGUAGE>3</DDLANGUAGE>
     <DOMVALUE_L>05</DOMVALUE_L>
     <DDTEXT>외환은행</DDTEXT>
    </DD07V>
    <DD07V>
     <DOMNAME>ZD_BILL_BANK_ID</DOMNAME>
     <VALPOS>0005</VALPOS>
     <DDLANGUAGE>3</DDLANGUAGE>
     <DOMVALUE_L>06</DOMVALUE_L>
     <DDTEXT>주택은행</DDTEXT>
    </DD07V>
    <DD07V>
     <DOMNAME>ZD_BILL_BANK_ID</DOMNAME>
     <VALPOS>0006</VALPOS>
     <DDLANGUAGE>3</DDLANGUAGE>
     <DOMVALUE_L>07</DOMVALUE_L>
     <DDTEXT>수협</DDTEXT>
    </DD07V>
    <DD07V>
     <DOMNAME>ZD_BILL_BANK_ID</DOMNAME>
     <VALPOS>0007</VALPOS>
     <DDLANGUAGE>3</DDLANGUAGE>
     <DOMVALUE_L>11</DOMVALUE_L>
     <DDTEXT>농협</DDTEXT>
    </DD07V>
    <DD07V>
     <DOMNAME>ZD_BILL_BANK_ID</DOMNAME>
     <VALPOS>0008</VALPOS>
     <DDLANGUAGE>3</DDLANGUAGE>
     <DOMVALUE_L>12</DOMVALUE_L>
     <DDTEXT>단위농협</DDTEXT>
    </DD07V>
    <DD07V>
     <DOMNAME>ZD_BILL_BANK_ID</DOMNAME>
     <VALPOS>0009</VALPOS>
     <DDLANGUAGE>3</DDLANGUAGE>
     <DOMVALUE_L>20</DOMVALUE_L>
     <DDTEXT>우리은행</DDTEXT>
    </DD07V>
    <DD07V>
     <DOMNAME>ZD_BILL_BANK_ID</DOMNAME>
     <VALPOS>0010</VALPOS>
     <DDLANGUAGE>3</DDLANGUAGE>
     <DOMVALUE_L>21</DOMVALUE_L>
     <DDTEXT>구조흥은행</DDTEXT>
    </DD07V>
    <DD07V>
     <DOMNAME>ZD_BILL_BANK_ID</DOMNAME>
     <VALPOS>0011</VALPOS>
     <DDLANGUAGE>3</DDLANGUAGE>
     <DOMVALUE_L>23</DOMVALUE_L>
     <DDTEXT>SC제일은행</DDTEXT>
    </DD07V>
    <DD07V>
     <DOMNAME>ZD_BILL_BANK_ID</DOMNAME>
     <VALPOS>0012</VALPOS>
     <DDLANGUAGE>3</DDLANGUAGE>
     <DOMVALUE_L>26</DOMVALUE_L>
     <DDTEXT>구신한은행</DDTEXT>
    </DD07V>
    <DD07V>
     <DOMNAME>ZD_BILL_BANK_ID</DOMNAME>
     <VALPOS>0013</VALPOS>
     <DDLANGUAGE>3</DDLANGUAGE>
     <DOMVALUE_L>27</DOMVALUE_L>
     <DDTEXT>씨티은행</DDTEXT>
    </DD07V>
    <DD07V>
     <DOMNAME>ZD_BILL_BANK_ID</DOMNAME>
     <VALPOS>0014</VALPOS>
     <DDLANGUAGE>3</DDLANGUAGE>
     <DOMVALUE_L>31</DOMVALUE_L>
     <DDTEXT>대구은행</DDTEXT>
    </DD07V>
    <DD07V>
     <DOMNAME>ZD_BILL_BANK_ID</DOMNAME>
     <VALPOS>0015</VALPOS>
     <DDLANGUAGE>3</DDLANGUAGE>
     <DOMVALUE_L>32</DOMVALUE_L>
     <DDTEXT>부산은행</DDTEXT>
    </DD07V>
    <DD07V>
     <DOMNAME>ZD_BILL_BANK_ID</DOMNAME>
     <VALPOS>0016</VALPOS>
     <DDLANGUAGE>3</DDLANGUAGE>
     <DOMVALUE_L>34</DOMVALUE_L>
     <DDTEXT>광주은행</DDTEXT>
    </DD07V>
    <DD07V>
     <DOMNAME>ZD_BILL_BANK_ID</DOMNAME>
     <VALPOS>0017</VALPOS>
     <DDLANGUAGE>3</DDLANGUAGE>
     <DOMVALUE_L>35</DOMVALUE_L>
     <DDTEXT>제주은행</DDTEXT>
    </DD07V>
    <DD07V>
     <DOMNAME>ZD_BILL_BANK_ID</DOMNAME>
     <VALPOS>0018</VALPOS>
     <DDLANGUAGE>3</DDLANGUAGE>
     <DOMVALUE_L>37</DOMVALUE_L>
     <DDTEXT>전북은행</DDTEXT>
    </DD07V>
    <DD07V>
     <DOMNAME>ZD_BILL_BANK_ID</DOMNAME>
     <VALPOS>0019</VALPOS>
     <DDLANGUAGE>3</DDLANGUAGE>
     <DOMVALUE_L>39</DOMVALUE_L>
     <DDTEXT>경남은행</DDTEXT>
    </DD07V>
    <DD07V>
     <DOMNAME>ZD_BILL_BANK_ID</DOMNAME>
     <VALPOS>0020</VALPOS>
     <DDLANGUAGE>3</DDLANGUAGE>
     <DOMVALUE_L>45</DOMVALUE_L>
     <DDTEXT>새마을금고</DDTEXT>
    </DD07V>
    <DD07V>
     <DOMNAME>ZD_BILL_BANK_ID</DOMNAME>
     <VALPOS>0021</VALPOS>
     <DDLANGUAGE>3</DDLANGUAGE>
     <DOMVALUE_L>48</DOMVALUE_L>
     <DDTEXT>신협</DDTEXT>
    </DD07V>
    <DD07V>
     <DOMNAME>ZD_BILL_BANK_ID</DOMNAME>
     <VALPOS>0022</VALPOS>
     <DDLANGUAGE>3</DDLANGUAGE>
     <DOMVALUE_L>50</DOMVALUE_L>
     <DDTEXT>상호신용금고</DDTEXT>
    </DD07V>
    <DD07V>
     <DOMNAME>ZD_BILL_BANK_ID</DOMNAME>
     <VALPOS>0023</VALPOS>
     <DDLANGUAGE>3</DDLANGUAGE>
     <DOMVALUE_L>53</DOMVALUE_L>
     <DDTEXT>구씨티은행</DDTEXT>
    </DD07V>
    <DD07V>
     <DOMNAME>ZD_BILL_BANK_ID</DOMNAME>
     <VALPOS>0024</VALPOS>
     <DDLANGUAGE>3</DDLANGUAGE>
     <DOMVALUE_L>54</DOMVALUE_L>
     <DDTEXT>홍콩상하이은행</DDTEXT>
    </DD07V>
    <DD07V>
     <DOMNAME>ZD_BILL_BANK_ID</DOMNAME>
     <VALPOS>0025</VALPOS>
     <DDLANGUAGE>3</DDLANGUAGE>
     <DOMVALUE_L>55</DOMVALUE_L>
     <DDTEXT>도이치은행</DDTEXT>
    </DD07V>
    <DD07V>
     <DOMNAME>ZD_BILL_BANK_ID</DOMNAME>
     <VALPOS>0026</VALPOS>
     <DDLANGUAGE>3</DDLANGUAGE>
     <DOMVALUE_L>56</DOMVALUE_L>
     <DDTEXT>ABN암로</DDTEXT>
    </DD07V>
    <DD07V>
     <DOMNAME>ZD_BILL_BANK_ID</DOMNAME>
     <VALPOS>0027</VALPOS>
     <DDLANGUAGE>3</DDLANGUAGE>
     <DOMVALUE_L>57</DOMVALUE_L>
     <DDTEXT>UFJ</DDTEXT>
    </DD07V>
    <DD07V>
     <DOMNAME>ZD_BILL_BANK_ID</DOMNAME>
     <VALPOS>0028</VALPOS>
     <DDLANGUAGE>3</DDLANGUAGE>
     <DOMVALUE_L>59</DOMVALUE_L>
     <DDTEXT>미쓰비시</DDTEXT>
    </DD07V>
    <DD07V>
     <DOMNAME>ZD_BILL_BANK_ID</DOMNAME>
     <VALPOS>0029</VALPOS>
     <DDLANGUAGE>3</DDLANGUAGE>
     <DOMVALUE_L>71</DOMVALUE_L>
     <DDTEXT>우체국</DDTEXT>
    </DD07V>
    <DD07V>
     <DOMNAME>ZD_BILL_BANK_ID</DOMNAME>
     <VALPOS>0030</VALPOS>
     <DDLANGUAGE>3</DDLANGUAGE>
     <DOMVALUE_L>81</DOMVALUE_L>
     <DDTEXT>하나은행</DDTEXT>
    </DD07V>
    <DD07V>
     <DOMNAME>ZD_BILL_BANK_ID</DOMNAME>
     <VALPOS>0031</VALPOS>
     <DDLANGUAGE>3</DDLANGUAGE>
     <DOMVALUE_L>88</DOMVALUE_L>
     <DDTEXT>신한은행</DDTEXT>
    </DD07V>
   </DD07V_TAB>
  </asx:values>
 </asx:abap>
</abapGit>
