﻿<?xml version="1.0" encoding="utf-8"?>
<abapGit version="v1.0.0" serializer="LCL_OBJECT_DOMA" serializer_version="v1.0.0">
 <asx:abap xmlns:asx="http://www.sap.com/abapxml" version="1.0">
  <asx:values>
   <DD01V>
    <DOMNAME>ZD_CARD_INI</DOMNAME>
    <DDLANGUAGE>3</DDLANGUAGE>
    <DATATYPE>CHAR</DATATYPE>
    <LENG>000002</LENG>
    <OUTPUTLEN>000002</OUTPUTLEN>
    <VALEXI>X</VALEXI>
    <DDTEXT>카드사 이니셜</DDTEXT>
   </DD01V>
   <DD07V_TAB>
    <DD07V>
     <DOMNAME>ZD_CARD_INI</DOMNAME>
     <VALPOS>0001</VALPOS>
     <DDLANGUAGE>3</DDLANGUAGE>
     <DOMVALUE_L>BC</DOMVALUE_L>
     <DDTEXT>비씨카드</DDTEXT>
    </DD07V>
    <DD07V>
     <DOMNAME>ZD_CARD_INI</DOMNAME>
     <VALPOS>0002</VALPOS>
     <DDLANGUAGE>3</DDLANGUAGE>
     <DOMVALUE_L>KB</DOMVALUE_L>
     <DDTEXT>국민은행</DDTEXT>
    </DD07V>
    <DD07V>
     <DOMNAME>ZD_CARD_INI</DOMNAME>
     <VALPOS>0003</VALPOS>
     <DDLANGUAGE>3</DDLANGUAGE>
     <DOMVALUE_L>KE</DOMVALUE_L>
     <DDTEXT>외환은행</DDTEXT>
    </DD07V>
    <DD07V>
     <DOMNAME>ZD_CARD_INI</DOMNAME>
     <VALPOS>0004</VALPOS>
     <DDLANGUAGE>3</DDLANGUAGE>
     <DOMVALUE_L>SS</DOMVALUE_L>
     <DDTEXT>삼성카드</DDTEXT>
    </DD07V>
    <DD07V>
     <DOMNAME>ZD_CARD_INI</DOMNAME>
     <VALPOS>0005</VALPOS>
     <DDLANGUAGE>3</DDLANGUAGE>
     <DOMVALUE_L>SH</DOMVALUE_L>
     <DDTEXT>신한카드</DDTEXT>
    </DD07V>
    <DD07V>
     <DOMNAME>ZD_CARD_INI</DOMNAME>
     <VALPOS>0006</VALPOS>
     <DDLANGUAGE>3</DDLANGUAGE>
     <DOMVALUE_L>HD</DOMVALUE_L>
     <DDTEXT>현대카드</DDTEXT>
    </DD07V>
    <DD07V>
     <DOMNAME>ZD_CARD_INI</DOMNAME>
     <VALPOS>0007</VALPOS>
     <DDLANGUAGE>3</DDLANGUAGE>
     <DOMVALUE_L>LO</DOMVALUE_L>
     <DDTEXT>롯데카드</DDTEXT>
    </DD07V>
    <DD07V>
     <DOMNAME>ZD_CARD_INI</DOMNAME>
     <VALPOS>0008</VALPOS>
     <DDLANGUAGE>3</DDLANGUAGE>
     <DOMVALUE_L>CT</DOMVALUE_L>
     <DDTEXT>씨티</DDTEXT>
    </DD07V>
    <DD07V>
     <DOMNAME>ZD_CARD_INI</DOMNAME>
     <VALPOS>0009</VALPOS>
     <DDLANGUAGE>3</DDLANGUAGE>
     <DOMVALUE_L>FF</DOMVALUE_L>
     <DDTEXT>수협카드</DDTEXT>
    </DD07V>
    <DD07V>
     <DOMNAME>ZD_CARD_INI</DOMNAME>
     <VALPOS>0010</VALPOS>
     <DDLANGUAGE>3</DDLANGUAGE>
     <DOMVALUE_L>NH</DOMVALUE_L>
     <DDTEXT>농협</DDTEXT>
    </DD07V>
    <DD07V>
     <DOMNAME>ZD_CARD_INI</DOMNAME>
     <VALPOS>0011</VALPOS>
     <DDLANGUAGE>3</DDLANGUAGE>
     <DOMVALUE_L>JJ</DOMVALUE_L>
     <DDTEXT>제주</DDTEXT>
    </DD07V>
    <DD07V>
     <DOMNAME>ZD_CARD_INI</DOMNAME>
     <VALPOS>0012</VALPOS>
     <DDLANGUAGE>3</DDLANGUAGE>
     <DOMVALUE_L>KJ</DOMVALUE_L>
     <DDTEXT>광주카드</DDTEXT>
    </DD07V>
    <DD07V>
     <DOMNAME>ZD_CARD_INI</DOMNAME>
     <VALPOS>0013</VALPOS>
     <DDLANGUAGE>3</DDLANGUAGE>
     <DOMVALUE_L>JB</DOMVALUE_L>
     <DDTEXT>전북카드</DDTEXT>
    </DD07V>
    <DD07V>
     <DOMNAME>ZD_CARD_INI</DOMNAME>
     <VALPOS>0014</VALPOS>
     <DDLANGUAGE>3</DDLANGUAGE>
     <DOMVALUE_L>CB</DOMVALUE_L>
     <DDTEXT>산은캐피탈</DDTEXT>
    </DD07V>
    <DD07V>
     <DOMNAME>ZD_CARD_INI</DOMNAME>
     <VALPOS>0015</VALPOS>
     <DDLANGUAGE>3</DDLANGUAGE>
     <DOMVALUE_L>HV</DOMVALUE_L>
     <DDTEXT>하나비자</DDTEXT>
    </DD07V>
   </DD07V_TAB>
  </asx:values>
 </asx:abap>
</abapGit>
