﻿<?xml version="1.0" encoding="utf-8"?>
<abapGit version="v1.0.0" serializer="LCL_OBJECT_DOMA" serializer_version="v1.0.0">
 <asx:abap xmlns:asx="http://www.sap.com/abapxml" version="1.0">
  <asx:values>
   <DD01V>
    <DOMNAME>ZD_EARNER_TYPE</DOMNAME>
    <DDLANGUAGE>3</DDLANGUAGE>
    <DATATYPE>CHAR</DATATYPE>
    <LENG>000003</LENG>
    <OUTPUTLEN>000003</OUTPUTLEN>
    <VALEXI>X</VALEXI>
    <DDTEXT>소득자 구분 코드</DDTEXT>
   </DD01V>
   <DD07V_TAB>
    <DD07V>
     <DOMNAME>ZD_EARNER_TYPE</DOMNAME>
     <VALPOS>0001</VALPOS>
     <DDLANGUAGE>3</DDLANGUAGE>
     <DOMVALUE_L>111</DOMVALUE_L>
     <DDTEXT>[개인] 주민등록번호</DDTEXT>
    </DD07V>
    <DD07V>
     <DOMNAME>ZD_EARNER_TYPE</DOMNAME>
     <VALPOS>0002</VALPOS>
     <DDLANGUAGE>3</DDLANGUAGE>
     <DOMVALUE_L>112</DOMVALUE_L>
     <DDTEXT>[개인] 의료보호증관리번호</DDTEXT>
    </DD07V>
    <DD07V>
     <DOMNAME>ZD_EARNER_TYPE</DOMNAME>
     <VALPOS>0003</VALPOS>
     <DDLANGUAGE>3</DDLANGUAGE>
     <DOMVALUE_L>122</DOMVALUE_L>
     <DDTEXT>[개인] 재외국민등록번호</DDTEXT>
    </DD07V>
    <DD07V>
     <DOMNAME>ZD_EARNER_TYPE</DOMNAME>
     <VALPOS>0004</VALPOS>
     <DDLANGUAGE>3</DDLANGUAGE>
     <DOMVALUE_L>131</DOMVALUE_L>
     <DDTEXT>[개인] 외국인등록번호</DDTEXT>
    </DD07V>
    <DD07V>
     <DOMNAME>ZD_EARNER_TYPE</DOMNAME>
     <VALPOS>0005</VALPOS>
     <DDLANGUAGE>3</DDLANGUAGE>
     <DOMVALUE_L>141</DOMVALUE_L>
     <DDTEXT>[개인] 국내거소신고번호</DDTEXT>
    </DD07V>
    <DD07V>
     <DOMNAME>ZD_EARNER_TYPE</DOMNAME>
     <VALPOS>0006</VALPOS>
     <DDLANGUAGE>3</DDLANGUAGE>
     <DOMVALUE_L>121</DOMVALUE_L>
     <DDTEXT>[개인] 여권번호, 거주지국의 납세번호</DDTEXT>
    </DD07V>
    <DD07V>
     <DOMNAME>ZD_EARNER_TYPE</DOMNAME>
     <VALPOS>0007</VALPOS>
     <DDLANGUAGE>3</DDLANGUAGE>
     <DOMVALUE_L>211</DOMVALUE_L>
     <DDTEXT>[법인] 사업자등록번호</DDTEXT>
    </DD07V>
    <DD07V>
     <DOMNAME>ZD_EARNER_TYPE</DOMNAME>
     <VALPOS>0008</VALPOS>
     <DDLANGUAGE>3</DDLANGUAGE>
     <DOMVALUE_L>222</DOMVALUE_L>
     <DDTEXT>[법인] 거주지국의 납세번호</DDTEXT>
    </DD07V>
    <DD07V>
     <DOMNAME>ZD_EARNER_TYPE</DOMNAME>
     <VALPOS>0009</VALPOS>
     <DDLANGUAGE>3</DDLANGUAGE>
     <DOMVALUE_L>311</DOMVALUE_L>
     <DDTEXT>[단체] 고유번호</DDTEXT>
    </DD07V>
    <DD07V>
     <DOMNAME>ZD_EARNER_TYPE</DOMNAME>
     <VALPOS>0010</VALPOS>
     <DDLANGUAGE>3</DDLANGUAGE>
     <DOMVALUE_L>321</DOMVALUE_L>
     <DDTEXT>[단체] 외국단체등록번호 또는 거주지국의 납세번호</DDTEXT>
    </DD07V>
    <DD07V>
     <DOMNAME>ZD_EARNER_TYPE</DOMNAME>
     <VALPOS>0011</VALPOS>
     <DDLANGUAGE>3</DDLANGUAGE>
     <DOMVALUE_L>331</DOMVALUE_L>
     <DDTEXT>[단체] 대표자 주민등록번호</DDTEXT>
    </DD07V>
    <DD07V>
     <DOMNAME>ZD_EARNER_TYPE</DOMNAME>
     <VALPOS>0012</VALPOS>
     <DDLANGUAGE>3</DDLANGUAGE>
     <DOMVALUE_L>411</DOMVALUE_L>
     <DDTEXT>[기타] 투자등록증 고유번호</DDTEXT>
    </DD07V>
    <DD07V>
     <DOMNAME>ZD_EARNER_TYPE</DOMNAME>
     <VALPOS>0013</VALPOS>
     <DDLANGUAGE>3</DDLANGUAGE>
     <DOMVALUE_L>413</DOMVALUE_L>
     <DDTEXT>[기타] 관련문서번호</DDTEXT>
    </DD07V>
    <DD07V>
     <DOMNAME>ZD_EARNER_TYPE</DOMNAME>
     <VALPOS>0014</VALPOS>
     <DDLANGUAGE>3</DDLANGUAGE>
     <DOMVALUE_L>999</DOMVALUE_L>
     <DDTEXT>명의 또는 번호 등이 공란 또는 비실명인 경우</DDTEXT>
    </DD07V>
   </DD07V_TAB>
  </asx:values>
 </asx:abap>
</abapGit>
