﻿<?xml version="1.0" encoding="utf-8"?>
<abapGit version="v1.0.0" serializer="LCL_OBJECT_DOMA" serializer_version="v1.0.0">
 <asx:abap xmlns:asx="http://www.sap.com/abapxml" version="1.0">
  <asx:values>
   <DD01V>
    <DOMNAME>ZD_FILE_CODE</DOMNAME>
    <DDLANGUAGE>3</DDLANGUAGE>
    <DATATYPE>CHAR</DATATYPE>
    <LENG>000010</LENG>
    <OUTPUTLEN>000010</OUTPUTLEN>
    <VALEXI>X</VALEXI>
    <DDTEXT>KCP File Type Code</DDTEXT>
   </DD01V>
   <DD07V_TAB>
    <DD07V>
     <DOMNAME>ZD_FILE_CODE</DOMNAME>
     <VALPOS>0001</VALPOS>
     <DDLANGUAGE>3</DDLANGUAGE>
     <DOMVALUE_L>CARD_ENDX</DOMVALUE_L>
     <DDTEXT>신용카드 일마감 내역</DDTEXT>
    </DD07V>
    <DD07V>
     <DOMNAME>ZD_FILE_CODE</DOMNAME>
     <VALPOS>0002</VALPOS>
     <DDLANGUAGE>3</DDLANGUAGE>
     <DOMVALUE_L>ACNT_APPX</DOMVALUE_L>
     <DDTEXT>계좌이체 승인 내역</DDTEXT>
    </DD07V>
    <DD07V>
     <DOMNAME>ZD_FILE_CODE</DOMNAME>
     <VALPOS>0003</VALPOS>
     <DDLANGUAGE>3</DDLANGUAGE>
     <DOMVALUE_L>VCNT_REMI</DOMVALUE_L>
     <DDTEXT>가상계좌 입금 내역</DDTEXT>
    </DD07V>
   </DD07V_TAB>
  </asx:values>
 </asx:abap>
</abapGit>
