﻿<?xml version="1.0" encoding="utf-8"?>
<abapGit version="v1.0.0" serializer="LCL_OBJECT_DOMA" serializer_version="v1.0.0">
 <asx:abap xmlns:asx="http://www.sap.com/abapxml" version="1.0">
  <asx:values>
   <DD01V>
    <DOMNAME>ZD_FR_TAX_CLOSURE_GBN</DOMNAME>
    <DDLANGUAGE>3</DDLANGUAGE>
    <DATATYPE>CHAR</DATATYPE>
    <LENG>000002</LENG>
    <OUTPUTLEN>000002</OUTPUTLEN>
    <VALEXI>X</VALEXI>
    <DDTEXT>가맹점과세유형휴폐업구분</DDTEXT>
   </DD01V>
   <DD07V_TAB>
    <DD07V>
     <DOMNAME>ZD_FR_TAX_CLOSURE_GBN</DOMNAME>
     <VALPOS>0001</VALPOS>
     <DDLANGUAGE>3</DDLANGUAGE>
     <DOMVALUE_L>00</DOMVALUE_L>
     <DDTEXT>미확인</DDTEXT>
    </DD07V>
    <DD07V>
     <DOMNAME>ZD_FR_TAX_CLOSURE_GBN</DOMNAME>
     <VALPOS>0002</VALPOS>
     <DDLANGUAGE>3</DDLANGUAGE>
     <DOMVALUE_L>11</DOMVALUE_L>
     <DDTEXT>일반</DDTEXT>
    </DD07V>
    <DD07V>
     <DOMNAME>ZD_FR_TAX_CLOSURE_GBN</DOMNAME>
     <VALPOS>0003</VALPOS>
     <DDLANGUAGE>3</DDLANGUAGE>
     <DOMVALUE_L>12</DOMVALUE_L>
     <DDTEXT>간이</DDTEXT>
    </DD07V>
    <DD07V>
     <DOMNAME>ZD_FR_TAX_CLOSURE_GBN</DOMNAME>
     <VALPOS>0004</VALPOS>
     <DDLANGUAGE>3</DDLANGUAGE>
     <DOMVALUE_L>21</DOMVALUE_L>
     <DDTEXT>면세</DDTEXT>
    </DD07V>
    <DD07V>
     <DOMNAME>ZD_FR_TAX_CLOSURE_GBN</DOMNAME>
     <VALPOS>0005</VALPOS>
     <DDLANGUAGE>3</DDLANGUAGE>
     <DOMVALUE_L>22</DOMVALUE_L>
     <DDTEXT>비영리</DDTEXT>
    </DD07V>
    <DD07V>
     <DOMNAME>ZD_FR_TAX_CLOSURE_GBN</DOMNAME>
     <VALPOS>0006</VALPOS>
     <DDLANGUAGE>3</DDLANGUAGE>
     <DOMVALUE_L>31</DOMVALUE_L>
     <DDTEXT>휴업</DDTEXT>
    </DD07V>
    <DD07V>
     <DOMNAME>ZD_FR_TAX_CLOSURE_GBN</DOMNAME>
     <VALPOS>0007</VALPOS>
     <DDLANGUAGE>3</DDLANGUAGE>
     <DOMVALUE_L>32</DOMVALUE_L>
     <DDTEXT>폐업</DDTEXT>
    </DD07V>
    <DD07V>
     <DOMNAME>ZD_FR_TAX_CLOSURE_GBN</DOMNAME>
     <VALPOS>0008</VALPOS>
     <DDLANGUAGE>3</DDLANGUAGE>
     <DOMVALUE_L>99</DOMVALUE_L>
     <DDTEXT>기타</DDTEXT>
    </DD07V>
   </DD07V_TAB>
  </asx:values>
 </asx:abap>
</abapGit>
