﻿<?xml version="1.0" encoding="utf-8"?>
<abapGit version="v1.0.0" serializer="LCL_OBJECT_DOMA" serializer_version="v1.0.0">
 <asx:abap xmlns:asx="http://www.sap.com/abapxml" version="1.0">
  <asx:values>
   <DD01V>
    <DOMNAME>ZD_HKONT_OLD</DOMNAME>
    <DDLANGUAGE>3</DDLANGUAGE>
    <DATATYPE>CHAR</DATATYPE>
    <LENG>000010</LENG>
    <OUTPUTLEN>000010</OUTPUTLEN>
    <ENTITYTAB>ZFIT0140</ENTITYTAB>
    <CONVEXIT>ALPHA</CONVEXIT>
    <DDTEXT>G/L account number (old)</DDTEXT>
   </DD01V>
  </asx:values>
 </asx:abap>
</abapGit>
