﻿<?xml version="1.0" encoding="utf-8"?>
<abapGit version="v1.0.0" serializer="LCL_OBJECT_DOMA" serializer_version="v1.0.0">
 <asx:abap xmlns:asx="http://www.sap.com/abapxml" version="1.0">
  <asx:values>
   <DD01V>
    <DOMNAME>ZD_INCOME_CASE</DOMNAME>
    <DDLANGUAGE>3</DDLANGUAGE>
    <DATATYPE>CHAR</DATATYPE>
    <LENG>000004</LENG>
    <OUTPUTLEN>000004</OUTPUTLEN>
    <VALEXI>X</VALEXI>
    <DDTEXT>소득의 구분</DDTEXT>
   </DD01V>
   <DD07V_TAB>
    <DD07V>
     <DOMNAME>ZD_INCOME_CASE</DOMNAME>
     <VALPOS>0001</VALPOS>
     <DDLANGUAGE>3</DDLANGUAGE>
     <DOMVALUE_L>A140</DOMVALUE_L>
     <DDTEXT>[이자개인거주] 조합 등 예탁금</DDTEXT>
    </DD07V>
    <DD07V>
     <DOMNAME>ZD_INCOME_CASE</DOMNAME>
     <VALPOS>0002</VALPOS>
     <DDLANGUAGE>3</DDLANGUAGE>
     <DOMVALUE_L>A150</DOMVALUE_L>
     <DDTEXT>[이자개인거주] 농어가목돈마련저축</DDTEXT>
    </DD07V>
    <DD07V>
     <DOMNAME>ZD_INCOME_CASE</DOMNAME>
     <VALPOS>0003</VALPOS>
     <DDLANGUAGE>3</DDLANGUAGE>
     <DOMVALUE_L>A160</DOMVALUE_L>
     <DDTEXT>[이자개인거주] 장기회사채형저축</DDTEXT>
    </DD07V>
    <DD07V>
     <DOMNAME>ZD_INCOME_CASE</DOMNAME>
     <VALPOS>0004</VALPOS>
     <DDLANGUAGE>3</DDLANGUAGE>
     <DOMVALUE_L>A100</DOMVALUE_L>
     <DDTEXT>[이자개인거주] 장기채권 및 저축(30%)</DDTEXT>
    </DD07V>
    <DD07V>
     <DOMNAME>ZD_INCOME_CASE</DOMNAME>
     <VALPOS>0005</VALPOS>
     <DDLANGUAGE>3</DDLANGUAGE>
     <DOMVALUE_L>A030</DOMVALUE_L>
     <DDTEXT>[이자개인거주] 세금우대</DDTEXT>
    </DD07V>
    <DD07V>
     <DOMNAME>ZD_INCOME_CASE</DOMNAME>
     <VALPOS>0006</VALPOS>
     <DDLANGUAGE>3</DDLANGUAGE>
     <DOMVALUE_L>A040</DOMVALUE_L>
     <DDTEXT>[이자개인거주] 일반세율-분리과세(14%)</DDTEXT>
    </DD07V>
    <DD07V>
     <DOMNAME>ZD_INCOME_CASE</DOMNAME>
     <VALPOS>0007</VALPOS>
     <DDLANGUAGE>3</DDLANGUAGE>
     <DOMVALUE_L>A170</DOMVALUE_L>
     <DDTEXT>[이자개인거주] 기타분리과세이자소득(14%)</DDTEXT>
    </DD07V>
    <DD07V>
     <DOMNAME>ZD_INCOME_CASE</DOMNAME>
     <VALPOS>0008</VALPOS>
     <DDLANGUAGE>3</DDLANGUAGE>
     <DOMVALUE_L>A050</DOMVALUE_L>
     <DDTEXT>[이자개인거주] 일반세율-일반과세(14%)</DDTEXT>
    </DD07V>
    <DD07V>
     <DOMNAME>ZD_INCOME_CASE</DOMNAME>
     <VALPOS>0009</VALPOS>
     <DDLANGUAGE>3</DDLANGUAGE>
     <DOMVALUE_L>A070</DOMVALUE_L>
     <DDTEXT>[이자개인거주] 비실명-특정채권(15%)</DDTEXT>
    </DD07V>
    <DD07V>
     <DOMNAME>ZD_INCOME_CASE</DOMNAME>
     <VALPOS>0010</VALPOS>
     <DDLANGUAGE>3</DDLANGUAGE>
     <DOMVALUE_L>A080</DOMVALUE_L>
     <DDTEXT>[이자개인거주] 비실명-소득세법(35%)</DDTEXT>
    </DD07V>
    <DD07V>
     <DOMNAME>ZD_INCOME_CASE</DOMNAME>
     <VALPOS>0011</VALPOS>
     <DDLANGUAGE>3</DDLANGUAGE>
     <DOMVALUE_L>A090</DOMVALUE_L>
     <DDTEXT>[이자개인거주] 비실명-금융실명(90%)</DDTEXT>
    </DD07V>
    <DD07V>
     <DOMNAME>ZD_INCOME_CASE</DOMNAME>
     <VALPOS>0012</VALPOS>
     <DDLANGUAGE>3</DDLANGUAGE>
     <DOMVALUE_L>A060</DOMVALUE_L>
     <DDTEXT>[이자개인거주] 비영업대금의 이자(25%)</DDTEXT>
    </DD07V>
    <DD07V>
     <DOMNAME>ZD_INCOME_CASE</DOMNAME>
     <VALPOS>0013</VALPOS>
     <DDLANGUAGE>3</DDLANGUAGE>
     <DOMVALUE_L>A180</DOMVALUE_L>
     <DDTEXT>[이자개인거주] 직장공제외 초과반환금(기본)</DDTEXT>
    </DD07V>
    <DD07V>
     <DOMNAME>ZD_INCOME_CASE</DOMNAME>
     <VALPOS>0014</VALPOS>
     <DDLANGUAGE>3</DDLANGUAGE>
     <DOMVALUE_L>A020</DOMVALUE_L>
     <DDTEXT>[이자개인거주] 비과세</DDTEXT>
    </DD07V>
    <DD07V>
     <DOMNAME>ZD_INCOME_CASE</DOMNAME>
     <VALPOS>0015</VALPOS>
     <DDLANGUAGE>3</DDLANGUAGE>
     <DOMVALUE_L>A190</DOMVALUE_L>
     <DDTEXT>[이자개인거주] 녹색저축 이자소득</DDTEXT>
    </DD07V>
    <DD07V>
     <DOMNAME>ZD_INCOME_CASE</DOMNAME>
     <VALPOS>0016</VALPOS>
     <DDLANGUAGE>3</DDLANGUAGE>
     <DOMVALUE_L>A010</DOMVALUE_L>
     <DDTEXT>[이자개인비거주] 이자(개인)</DDTEXT>
    </DD07V>
    <DD07V>
     <DOMNAME>ZD_INCOME_CASE</DOMNAME>
     <VALPOS>0017</VALPOS>
     <DDLANGUAGE>3</DDLANGUAGE>
     <DOMVALUE_L>A120</DOMVALUE_L>
     <DDTEXT>[이자법인거주] 이자</DDTEXT>
    </DD07V>
    <DD07V>
     <DOMNAME>ZD_INCOME_CASE</DOMNAME>
     <VALPOS>0018</VALPOS>
     <DDLANGUAGE>3</DDLANGUAGE>
     <DOMVALUE_L>A110</DOMVALUE_L>
     <DDTEXT>[이자법인거주] 비영업대금이익</DDTEXT>
    </DD07V>
    <DD07V>
     <DOMNAME>ZD_INCOME_CASE</DOMNAME>
     <VALPOS>0019</VALPOS>
     <DDLANGUAGE>3</DDLANGUAGE>
     <DOMVALUE_L>A130</DOMVALUE_L>
     <DDTEXT>[이자법인비거주] 이자(법인)</DDTEXT>
    </DD07V>
    <DD07V>
     <DOMNAME>ZD_INCOME_CASE</DOMNAME>
     <VALPOS>0020</VALPOS>
     <DDLANGUAGE>3</DDLANGUAGE>
     <DOMVALUE_L>B150</DOMVALUE_L>
     <DDTEXT>[배당개인거주] 조합 등 출자금</DDTEXT>
    </DD07V>
    <DD07V>
     <DOMNAME>ZD_INCOME_CASE</DOMNAME>
     <VALPOS>0021</VALPOS>
     <DDLANGUAGE>3</DDLANGUAGE>
     <DOMVALUE_L>B160</DOMVALUE_L>
     <DDTEXT>[배당개인거주] 장기회사채형저축</DDTEXT>
    </DD07V>
    <DD07V>
     <DOMNAME>ZD_INCOME_CASE</DOMNAME>
     <VALPOS>0022</VALPOS>
     <DDLANGUAGE>3</DDLANGUAGE>
     <DOMVALUE_L>B170</DOMVALUE_L>
     <DDTEXT>[배당개인거주] 우리사주 배당소득</DDTEXT>
    </DD07V>
    <DD07V>
     <DOMNAME>ZD_INCOME_CASE</DOMNAME>
     <VALPOS>0023</VALPOS>
     <DDLANGUAGE>3</DDLANGUAGE>
     <DOMVALUE_L>B180</DOMVALUE_L>
     <DDTEXT>[배당개인거주] 장기보유주식 배당소득</DDTEXT>
    </DD07V>
    <DD07V>
     <DOMNAME>ZD_INCOME_CASE</DOMNAME>
     <VALPOS>0024</VALPOS>
     <DDLANGUAGE>3</DDLANGUAGE>
     <DOMVALUE_L>B050</DOMVALUE_L>
     <DDTEXT>[배당개인거주] 장기보유주식(5%)</DDTEXT>
    </DD07V>
    <DD07V>
     <DOMNAME>ZD_INCOME_CASE</DOMNAME>
     <VALPOS>0025</VALPOS>
     <DDLANGUAGE>3</DDLANGUAGE>
     <DOMVALUE_L>B060</DOMVALUE_L>
     <DDTEXT>[배당개인거주] 조합배당(5%)</DDTEXT>
    </DD07V>
    <DD07V>
     <DOMNAME>ZD_INCOME_CASE</DOMNAME>
     <VALPOS>0026</VALPOS>
     <DDLANGUAGE>3</DDLANGUAGE>
     <DOMVALUE_L>B040</DOMVALUE_L>
     <DDTEXT>[배당개인거주] 세금우대</DDTEXT>
    </DD07V>
    <DD07V>
     <DOMNAME>ZD_INCOME_CASE</DOMNAME>
     <VALPOS>0027</VALPOS>
     <DDLANGUAGE>3</DDLANGUAGE>
     <DOMVALUE_L>B080</DOMVALUE_L>
     <DDTEXT>[배당개인거주] 일반세율-일반과세(14%)</DDTEXT>
    </DD07V>
    <DD07V>
     <DOMNAME>ZD_INCOME_CASE</DOMNAME>
     <VALPOS>0028</VALPOS>
     <DDLANGUAGE>3</DDLANGUAGE>
     <DOMVALUE_L>B090</DOMVALUE_L>
     <DDTEXT>[배당개인거주] 비실명 소득세법(35%)</DDTEXT>
    </DD07V>
    <DD07V>
     <DOMNAME>ZD_INCOME_CASE</DOMNAME>
     <VALPOS>0029</VALPOS>
     <DDLANGUAGE>3</DDLANGUAGE>
     <DOMVALUE_L>B100</DOMVALUE_L>
     <DDTEXT>[배당개인거주] 비실명 금융실명(90%)</DDTEXT>
    </DD07V>
    <DD07V>
     <DOMNAME>ZD_INCOME_CASE</DOMNAME>
     <VALPOS>0030</VALPOS>
     <DDLANGUAGE>3</DDLANGUAGE>
     <DOMVALUE_L>B190</DOMVALUE_L>
     <DDTEXT>[배당개인거주] 공익기부투자신탁 배당소득</DDTEXT>
    </DD07V>
    <DD07V>
     <DOMNAME>ZD_INCOME_CASE</DOMNAME>
     <VALPOS>0031</VALPOS>
     <DDLANGUAGE>3</DDLANGUAGE>
     <DOMVALUE_L>B200</DOMVALUE_L>
     <DDTEXT>[배당개인거주] 미분양투자신탁등 배당소득</DDTEXT>
    </DD07V>
    <DD07V>
     <DOMNAME>ZD_INCOME_CASE</DOMNAME>
     <VALPOS>0032</VALPOS>
     <DDLANGUAGE>3</DDLANGUAGE>
     <DOMVALUE_L>B030</DOMVALUE_L>
     <DDTEXT>[배당개인거주] 비과세</DDTEXT>
    </DD07V>
    <DD07V>
     <DOMNAME>ZD_INCOME_CASE</DOMNAME>
     <VALPOS>0033</VALPOS>
     <DDLANGUAGE>3</DDLANGUAGE>
     <DOMVALUE_L>B210</DOMVALUE_L>
     <DDTEXT>[배당개인거주] 사회기반시설투융자회사 배당소득</DDTEXT>
    </DD07V>
    <DD07V>
     <DOMNAME>ZD_INCOME_CASE</DOMNAME>
     <VALPOS>0034</VALPOS>
     <DDLANGUAGE>3</DDLANGUAGE>
     <DOMVALUE_L>B220</DOMVALUE_L>
     <DDTEXT>[배당개인거주] 고수익고위험투자신탁 배당소득</DDTEXT>
    </DD07V>
    <DD07V>
     <DOMNAME>ZD_INCOME_CASE</DOMNAME>
     <VALPOS>0035</VALPOS>
     <DDLANGUAGE>3</DDLANGUAGE>
     <DOMVALUE_L>B230</DOMVALUE_L>
     <DDTEXT>[배당개인거주] 해외자원개발투자회사 등 배당소득</DDTEXT>
    </DD07V>
    <DD07V>
     <DOMNAME>ZD_INCOME_CASE</DOMNAME>
     <VALPOS>0036</VALPOS>
     <DDLANGUAGE>3</DDLANGUAGE>
     <DOMVALUE_L>B240</DOMVALUE_L>
     <DDTEXT>[배당개인거주] 선박투자회사 배당소득</DDTEXT>
    </DD07V>
    <DD07V>
     <DOMNAME>ZD_INCOME_CASE</DOMNAME>
     <VALPOS>0037</VALPOS>
     <DDLANGUAGE>3</DDLANGUAGE>
     <DOMVALUE_L>B290</DOMVALUE_L>
     <DDTEXT>[배당개인거주] 녹색저축 배당소득</DDTEXT>
    </DD07V>
    <DD07V>
     <DOMNAME>ZD_INCOME_CASE</DOMNAME>
     <VALPOS>0038</VALPOS>
     <DDLANGUAGE>3</DDLANGUAGE>
     <DOMVALUE_L>B250</DOMVALUE_L>
     <DDTEXT>[배당개인거주] 사회기반시설투-융자회사 배당소득(14%)</DDTEXT>
    </DD07V>
    <DD07V>
     <DOMNAME>ZD_INCOME_CASE</DOMNAME>
     <VALPOS>0039</VALPOS>
     <DDLANGUAGE>3</DDLANGUAGE>
     <DOMVALUE_L>B260</DOMVALUE_L>
     <DDTEXT>[배당개인거주] 해외자원개발투자회사등 배당소득(14%)</DDTEXT>
    </DD07V>
    <DD07V>
     <DOMNAME>ZD_INCOME_CASE</DOMNAME>
     <VALPOS>0040</VALPOS>
     <DDLANGUAGE>3</DDLANGUAGE>
     <DOMVALUE_L>B270</DOMVALUE_L>
     <DDTEXT>[배당개인거주] 미분양주택투자신탁등 배당소득(14%)</DDTEXT>
    </DD07V>
    <DD07V>
     <DOMNAME>ZD_INCOME_CASE</DOMNAME>
     <VALPOS>0041</VALPOS>
     <DDLANGUAGE>3</DDLANGUAGE>
     <DOMVALUE_L>B070</DOMVALUE_L>
     <DDTEXT>[배당개인거주] 일반세율-분리과세(14%)</DDTEXT>
    </DD07V>
    <DD07V>
     <DOMNAME>ZD_INCOME_CASE</DOMNAME>
     <VALPOS>0042</VALPOS>
     <DDLANGUAGE>3</DDLANGUAGE>
     <DOMVALUE_L>B280</DOMVALUE_L>
     <DDTEXT>[배당개인거주] 기타 분리과세배당소득(14%)</DDTEXT>
    </DD07V>
    <DD07V>
     <DOMNAME>ZD_INCOME_CASE</DOMNAME>
     <VALPOS>0043</VALPOS>
     <DDLANGUAGE>3</DDLANGUAGE>
     <DOMVALUE_L>B300</DOMVALUE_L>
     <DDTEXT>[배당개인거주] 임대주택 부동산집합투자기구 배당소득(5%)</DDTEXT>
    </DD07V>
    <DD07V>
     <DOMNAME>ZD_INCOME_CASE</DOMNAME>
     <VALPOS>0044</VALPOS>
     <DDLANGUAGE>3</DDLANGUAGE>
     <DOMVALUE_L>B310</DOMVALUE_L>
     <DDTEXT>[배당개인거주] 선박투자회사 배당소득(14%)</DDTEXT>
    </DD07V>
    <DD07V>
     <DOMNAME>ZD_INCOME_CASE</DOMNAME>
     <VALPOS>0045</VALPOS>
     <DDLANGUAGE>3</DDLANGUAGE>
     <DOMVALUE_L>B320</DOMVALUE_L>
     <DDTEXT>[배당개인거주] 임대주택 부동산집합투자기구 배당소득(14%)</DDTEXT>
    </DD07V>
    <DD07V>
     <DOMNAME>ZD_INCOME_CASE</DOMNAME>
     <VALPOS>0046</VALPOS>
     <DDLANGUAGE>3</DDLANGUAGE>
     <DOMVALUE_L>B020</DOMVALUE_L>
     <DDTEXT>[배당개인비거주] 배당(개인)</DDTEXT>
    </DD07V>
    <DD07V>
     <DOMNAME>ZD_INCOME_CASE</DOMNAME>
     <VALPOS>0047</VALPOS>
     <DDLANGUAGE>3</DDLANGUAGE>
     <DOMVALUE_L>B130</DOMVALUE_L>
     <DDTEXT>[배당법인거주] 투자신탁의 이익</DDTEXT>
    </DD07V>
    <DD07V>
     <DOMNAME>ZD_INCOME_CASE</DOMNAME>
     <VALPOS>0048</VALPOS>
     <DDLANGUAGE>3</DDLANGUAGE>
     <DOMVALUE_L>B110</DOMVALUE_L>
     <DDTEXT>[배당법인거주] 신탁재산분배</DDTEXT>
    </DD07V>
    <DD07V>
     <DOMNAME>ZD_INCOME_CASE</DOMNAME>
     <VALPOS>0049</VALPOS>
     <DDLANGUAGE>3</DDLANGUAGE>
     <DOMVALUE_L>B120</DOMVALUE_L>
     <DDTEXT>[배당법인거주] 신탁업자 징수분</DDTEXT>
    </DD07V>
    <DD07V>
     <DOMNAME>ZD_INCOME_CASE</DOMNAME>
     <VALPOS>0050</VALPOS>
     <DDLANGUAGE>3</DDLANGUAGE>
     <DOMVALUE_L>B010</DOMVALUE_L>
     <DDTEXT>[배당법인비거주] 배당(법인)</DDTEXT>
    </DD07V>
    <DD07V>
     <DOMNAME>ZD_INCOME_CASE</DOMNAME>
     <VALPOS>0051</VALPOS>
     <DDLANGUAGE>3</DDLANGUAGE>
     <DOMVALUE_L>B140</DOMVALUE_L>
     <DDTEXT>[배당법인거주] 법인귀속배당</DDTEXT>
    </DD07V>
   </DD07V_TAB>
  </asx:values>
 </asx:abap>
</abapGit>
