﻿<?xml version="1.0" encoding="utf-8"?>
<abapGit version="v1.0.0" serializer="LCL_OBJECT_DOMA" serializer_version="v1.0.0">
 <asx:abap xmlns:asx="http://www.sap.com/abapxml" version="1.0">
  <asx:values>
   <DD01V>
    <DOMNAME>ZD_INCOME_TYPE</DOMNAME>
    <DDLANGUAGE>3</DDLANGUAGE>
    <DATATYPE>CHAR</DATATYPE>
    <LENG>000002</LENG>
    <OUTPUTLEN>000002</OUTPUTLEN>
    <VALEXI>X</VALEXI>
    <DDTEXT>소득의 종류</DDTEXT>
   </DD01V>
   <DD07V_TAB>
    <DD07V>
     <DOMNAME>ZD_INCOME_TYPE</DOMNAME>
     <VALPOS>0001</VALPOS>
     <DDLANGUAGE>3</DDLANGUAGE>
     <DOMVALUE_L>11</DOMVALUE_L>
     <DDTEXT>[이자소득] 국ㆍ공채의 이자와 할인액(소법§16①1)</DDTEXT>
    </DD07V>
    <DD07V>
     <DOMNAME>ZD_INCOME_TYPE</DOMNAME>
     <VALPOS>0002</VALPOS>
     <DDLANGUAGE>3</DDLANGUAGE>
     <DOMVALUE_L>12</DOMVALUE_L>
     <DDTEXT>[이자소득] 내국법인 회사채의 이자와 할인액(소법§16①2)</DDTEXT>
    </DD07V>
    <DD07V>
     <DOMNAME>ZD_INCOME_TYPE</DOMNAME>
     <VALPOS>0003</VALPOS>
     <DDLANGUAGE>3</DDLANGUAGE>
     <DOMVALUE_L>13</DOMVALUE_L>
     <DDTEXT>[이자소득] 국내에서 받는 예금의 이자(소법§16①3)</DDTEXT>
    </DD07V>
    <DD07V>
     <DOMNAME>ZD_INCOME_TYPE</DOMNAME>
     <VALPOS>0004</VALPOS>
     <DDLANGUAGE>3</DDLANGUAGE>
     <DOMVALUE_L>14</DOMVALUE_L>
     <DDTEXT>[이자소득] 신용계ㆍ신용부금으로 인한 이익(소법§16①4)</DDTEXT>
    </DD07V>
    <DD07V>
     <DOMNAME>ZD_INCOME_TYPE</DOMNAME>
     <VALPOS>0005</VALPOS>
     <DDLANGUAGE>3</DDLANGUAGE>
     <DOMVALUE_L>15</DOMVALUE_L>
     <DDTEXT>[이자소득] 외국법인 국내지점 등의 회사채의 이자와 할인액(소법§16①5)</DDTEXT>
    </DD07V>
    <DD07V>
     <DOMNAME>ZD_INCOME_TYPE</DOMNAME>
     <VALPOS>0006</VALPOS>
     <DDLANGUAGE>3</DDLANGUAGE>
     <DOMVALUE_L>16</DOMVALUE_L>
     <DDTEXT>[이자소득] 외국법인 회사채의 이자와 할인액(소법§16①6)</DDTEXT>
    </DD07V>
    <DD07V>
     <DOMNAME>ZD_INCOME_TYPE</DOMNAME>
     <VALPOS>0007</VALPOS>
     <DDLANGUAGE>3</DDLANGUAGE>
     <DOMVALUE_L>17</DOMVALUE_L>
     <DDTEXT>[이자소득] 국외에서 받는 예금의 이자(소법§16①7)</DDTEXT>
    </DD07V>
    <DD07V>
     <DOMNAME>ZD_INCOME_TYPE</DOMNAME>
     <VALPOS>0008</VALPOS>
     <DDLANGUAGE>3</DDLANGUAGE>
     <DOMVALUE_L>18</DOMVALUE_L>
     <DDTEXT>[이자소득] 환매조건부 매매차익(소법§16①8)</DDTEXT>
    </DD07V>
    <DD07V>
     <DOMNAME>ZD_INCOME_TYPE</DOMNAME>
     <VALPOS>0009</VALPOS>
     <DDLANGUAGE>3</DDLANGUAGE>
     <DOMVALUE_L>19</DOMVALUE_L>
     <DDTEXT>[이자소득] 저축성보험의 보험차익(10년미만 등)(소법§16①9)</DDTEXT>
    </DD07V>
    <DD07V>
     <DOMNAME>ZD_INCOME_TYPE</DOMNAME>
     <VALPOS>0010</VALPOS>
     <DDLANGUAGE>3</DDLANGUAGE>
     <DOMVALUE_L>20</DOMVALUE_L>
     <DDTEXT>[이자소득] 저축성보험의 보험차익(계약기간 10년이상)(소법§164①8)</DDTEXT>
    </DD07V>
    <DD07V>
     <DOMNAME>ZD_INCOME_TYPE</DOMNAME>
     <VALPOS>0011</VALPOS>
     <DDLANGUAGE>3</DDLANGUAGE>
     <DOMVALUE_L>21</DOMVALUE_L>
     <DDTEXT>[이자소득] 직장공제회 초과반환금(소법§16①10)</DDTEXT>
    </DD07V>
    <DD07V>
     <DOMNAME>ZD_INCOME_TYPE</DOMNAME>
     <VALPOS>0012</VALPOS>
     <DDLANGUAGE>3</DDLANGUAGE>
     <DOMVALUE_L>22</DOMVALUE_L>
     <DDTEXT>[이자소득] 비영업대금의 이익(소법§16①11)</DDTEXT>
    </DD07V>
    <DD07V>
     <DOMNAME>ZD_INCOME_TYPE</DOMNAME>
     <VALPOS>0013</VALPOS>
     <DDLANGUAGE>3</DDLANGUAGE>
     <DOMVALUE_L>23</DOMVALUE_L>
     <DDTEXT>[이자소득] 채권대차거래에 따른 이자상당액(소령§26④)</DDTEXT>
    </DD07V>
    <DD07V>
     <DOMNAME>ZD_INCOME_TYPE</DOMNAME>
     <VALPOS>0014</VALPOS>
     <DDLANGUAGE>3</DDLANGUAGE>
     <DOMVALUE_L>24</DOMVALUE_L>
     <DDTEXT>[이자소득] 환매조건부채권매매거래에 따른 이자상당액(법인령§114의2②)</DDTEXT>
    </DD07V>
    <DD07V>
     <DOMNAME>ZD_INCOME_TYPE</DOMNAME>
     <VALPOS>0015</VALPOS>
     <DDLANGUAGE>3</DDLANGUAGE>
     <DOMVALUE_L>25</DOMVALUE_L>
     <DDTEXT>[이자소득] 그 밖에 금전사용에 따른 대가로서의 성격이 있는 것(소법§16①12)</DDTEXT>
    </DD07V>
    <DD07V>
     <DOMNAME>ZD_INCOME_TYPE</DOMNAME>
     <VALPOS>0016</VALPOS>
     <DDLANGUAGE>3</DDLANGUAGE>
     <DOMVALUE_L>26</DOMVALUE_L>
     <DDTEXT>[이자소득] 이자소득을 발생시키는 상품과 결합된 파생상품의 이익(소법§16①13)</DDTEXT>
    </DD07V>
    <DD07V>
     <DOMNAME>ZD_INCOME_TYPE</DOMNAME>
     <VALPOS>0017</VALPOS>
     <DDLANGUAGE>3</DDLANGUAGE>
     <DOMVALUE_L>51</DOMVALUE_L>
     <DDTEXT>[배당소득] 내국법인 배당ㆍ분배금, 건설이자의 배당(소법§17①1)</DDTEXT>
    </DD07V>
    <DD07V>
     <DOMNAME>ZD_INCOME_TYPE</DOMNAME>
     <VALPOS>0018</VALPOS>
     <DDLANGUAGE>3</DDLANGUAGE>
     <DOMVALUE_L>52</DOMVALUE_L>
     <DDTEXT>[배당소득] 법인으로 보는 단체로부터 받는 배당ㆍ분배금(소법§17①2)</DDTEXT>
    </DD07V>
    <DD07V>
     <DOMNAME>ZD_INCOME_TYPE</DOMNAME>
     <VALPOS>0019</VALPOS>
     <DDLANGUAGE>3</DDLANGUAGE>
     <DOMVALUE_L>53</DOMVALUE_L>
     <DDTEXT>[배당소득] 의제배당(소법§17①3, 법법§16)</DDTEXT>
    </DD07V>
    <DD07V>
     <DOMNAME>ZD_INCOME_TYPE</DOMNAME>
     <VALPOS>0020</VALPOS>
     <DDLANGUAGE>3</DDLANGUAGE>
     <DOMVALUE_L>54</DOMVALUE_L>
     <DDTEXT>[배당소득] 「법인세법」에 따라 배당으로 처분된 금액(소법§17①4)</DDTEXT>
    </DD07V>
    <DD07V>
     <DOMNAME>ZD_INCOME_TYPE</DOMNAME>
     <VALPOS>0021</VALPOS>
     <DDLANGUAGE>3</DDLANGUAGE>
     <DOMVALUE_L>55</DOMVALUE_L>
     <DDTEXT>[배당소득] 집합투자기구로부터의 이익(소법§17①5)</DDTEXT>
    </DD07V>
    <DD07V>
     <DOMNAME>ZD_INCOME_TYPE</DOMNAME>
     <VALPOS>0022</VALPOS>
     <DDLANGUAGE>3</DDLANGUAGE>
     <DOMVALUE_L>56</DOMVALUE_L>
     <DDTEXT>[배당소득] 외국법인 배당ㆍ분배금, 건설이자의 배당, 이와 유사한 성질의 배당(소법§17①6)</DDTEXT>
    </DD07V>
    <DD07V>
     <DOMNAME>ZD_INCOME_TYPE</DOMNAME>
     <VALPOS>0023</VALPOS>
     <DDLANGUAGE>3</DDLANGUAGE>
     <DOMVALUE_L>57</DOMVALUE_L>
     <DDTEXT>[배당소득] 「국제조세조정에 관한 법률」 제17조에 따라 배당받은 것으로 간주된 금액(소법§17①7)</DDTEXT>
    </DD07V>
    <DD07V>
     <DOMNAME>ZD_INCOME_TYPE</DOMNAME>
     <VALPOS>0024</VALPOS>
     <DDLANGUAGE>3</DDLANGUAGE>
     <DOMVALUE_L>58</DOMVALUE_L>
     <DDTEXT>[배당소득] 「국제조세조정에 관한 법률」제9조 및 제14조에 따라 배당으로 처분된 금액(소법§119 2호)</DDTEXT>
    </DD07V>
    <DD07V>
     <DOMNAME>ZD_INCOME_TYPE</DOMNAME>
     <VALPOS>0025</VALPOS>
     <DDLANGUAGE>3</DDLANGUAGE>
     <DOMVALUE_L>59</DOMVALUE_L>
     <DDTEXT>[배당소득] 출자공동사업자의 손익분배비율에 해당하는 금액(소법§17①8)</DDTEXT>
    </DD07V>
    <DD07V>
     <DOMNAME>ZD_INCOME_TYPE</DOMNAME>
     <VALPOS>0026</VALPOS>
     <DDLANGUAGE>3</DDLANGUAGE>
     <DOMVALUE_L>60</DOMVALUE_L>
     <DDTEXT>[배당소득] 주가연계증권(소령§26의3①1, ELS)</DDTEXT>
    </DD07V>
    <DD07V>
     <DOMNAME>ZD_INCOME_TYPE</DOMNAME>
     <VALPOS>0027</VALPOS>
     <DDLANGUAGE>3</DDLANGUAGE>
     <DOMVALUE_L>61</DOMVALUE_L>
     <DDTEXT>[배당소득] 기타 파생결합증권(소령§26의3①2, DLS)</DDTEXT>
    </DD07V>
    <DD07V>
     <DOMNAME>ZD_INCOME_TYPE</DOMNAME>
     <VALPOS>0028</VALPOS>
     <DDLANGUAGE>3</DDLANGUAGE>
     <DOMVALUE_L>62</DOMVALUE_L>
     <DDTEXT>[배당소득] 주식대차거래에 따른 배당상당액(소령§26의3②)</DDTEXT>
    </DD07V>
    <DD07V>
     <DOMNAME>ZD_INCOME_TYPE</DOMNAME>
     <VALPOS>0029</VALPOS>
     <DDLANGUAGE>3</DDLANGUAGE>
     <DOMVALUE_L>63</DOMVALUE_L>
     <DDTEXT>[배당소득] 그 밖에 수익분배의 성격이 있는 것(소법§17①9)</DDTEXT>
    </DD07V>
    <DD07V>
     <DOMNAME>ZD_INCOME_TYPE</DOMNAME>
     <VALPOS>0030</VALPOS>
     <DDLANGUAGE>3</DDLANGUAGE>
     <DOMVALUE_L>64</DOMVALUE_L>
     <DDTEXT>[배당소득] 배당소득을 발생시키는 상품과 결합된 파생상품의 이익(소법§17①10)</DDTEXT>
    </DD07V>
   </DD07V_TAB>
  </asx:values>
 </asx:abap>
</abapGit>
