﻿<?xml version="1.0" encoding="utf-8"?>
<abapGit version="v1.0.0" serializer="LCL_OBJECT_DOMA" serializer_version="v1.0.0">
 <asx:abap xmlns:asx="http://www.sap.com/abapxml" version="1.0">
  <asx:values>
   <DD01V>
    <DOMNAME>ZD_KUMKYUNG3</DOMNAME>
    <DDLANGUAGE>3</DDLANGUAGE>
    <DATATYPE>CHAR</DATATYPE>
    <LENG>000002</LENG>
    <OUTPUTLEN>000002</OUTPUTLEN>
    <VALEXI>X</VALEXI>
    <DDTEXT>금융코드 소구분</DDTEXT>
   </DD01V>
   <DD07V_TAB>
    <DD07V>
     <DOMNAME>ZD_KUMKYUNG3</DOMNAME>
     <VALPOS>0001</VALPOS>
     <DDLANGUAGE>3</DDLANGUAGE>
     <DOMVALUE_L>01</DOMVALUE_L>
     <DDTEXT>정기예금</DDTEXT>
    </DD07V>
    <DD07V>
     <DOMNAME>ZD_KUMKYUNG3</DOMNAME>
     <VALPOS>0002</VALPOS>
     <DDLANGUAGE>3</DDLANGUAGE>
     <DOMVALUE_L>02</DOMVALUE_L>
     <DDTEXT>정기적금</DDTEXT>
    </DD07V>
    <DD07V>
     <DOMNAME>ZD_KUMKYUNG3</DOMNAME>
     <VALPOS>0003</VALPOS>
     <DDLANGUAGE>3</DDLANGUAGE>
     <DOMVALUE_L>03</DOMVALUE_L>
     <DDTEXT>상호부금</DDTEXT>
    </DD07V>
    <DD07V>
     <DOMNAME>ZD_KUMKYUNG3</DOMNAME>
     <VALPOS>0004</VALPOS>
     <DDLANGUAGE>3</DDLANGUAGE>
     <DOMVALUE_L>04</DOMVALUE_L>
     <DDTEXT>주택부금</DDTEXT>
    </DD07V>
    <DD07V>
     <DOMNAME>ZD_KUMKYUNG3</DOMNAME>
     <VALPOS>0005</VALPOS>
     <DDLANGUAGE>3</DDLANGUAGE>
     <DOMVALUE_L>05</DOMVALUE_L>
     <DDTEXT>저축예금</DDTEXT>
    </DD07V>
    <DD07V>
     <DOMNAME>ZD_KUMKYUNG3</DOMNAME>
     <VALPOS>0006</VALPOS>
     <DDLANGUAGE>3</DDLANGUAGE>
     <DOMVALUE_L>06</DOMVALUE_L>
     <DDTEXT>기업자유예금</DDTEXT>
    </DD07V>
    <DD07V>
     <DOMNAME>ZD_KUMKYUNG3</DOMNAME>
     <VALPOS>0007</VALPOS>
     <DDLANGUAGE>3</DDLANGUAGE>
     <DOMVALUE_L>07</DOMVALUE_L>
     <DDTEXT>ELD</DDTEXT>
    </DD07V>
    <DD07V>
     <DOMNAME>ZD_KUMKYUNG3</DOMNAME>
     <VALPOS>0008</VALPOS>
     <DDLANGUAGE>3</DDLANGUAGE>
     <DOMVALUE_L>08</DOMVALUE_L>
     <DDTEXT>기타저축성예금</DDTEXT>
    </DD07V>
    <DD07V>
     <DOMNAME>ZD_KUMKYUNG3</DOMNAME>
     <VALPOS>0009</VALPOS>
     <DDLANGUAGE>3</DDLANGUAGE>
     <DOMVALUE_L>09</DOMVALUE_L>
     <DDTEXT>MMDA</DDTEXT>
    </DD07V>
    <DD07V>
     <DOMNAME>ZD_KUMKYUNG3</DOMNAME>
     <VALPOS>0010</VALPOS>
     <DDLANGUAGE>3</DDLANGUAGE>
     <DOMVALUE_L>10</DOMVALUE_L>
     <DDTEXT>CMA</DDTEXT>
    </DD07V>
    <DD07V>
     <DOMNAME>ZD_KUMKYUNG3</DOMNAME>
     <VALPOS>0011</VALPOS>
     <DDLANGUAGE>3</DDLANGUAGE>
     <DOMVALUE_L>11</DOMVALUE_L>
     <DDTEXT>기타요구불예금</DDTEXT>
    </DD07V>
    <DD07V>
     <DOMNAME>ZD_KUMKYUNG3</DOMNAME>
     <VALPOS>0012</VALPOS>
     <DDLANGUAGE>3</DDLANGUAGE>
     <DOMVALUE_L>12</DOMVALUE_L>
     <DDTEXT>조합등 예탁금</DDTEXT>
    </DD07V>
    <DD07V>
     <DOMNAME>ZD_KUMKYUNG3</DOMNAME>
     <VALPOS>0013</VALPOS>
     <DDLANGUAGE>3</DDLANGUAGE>
     <DOMVALUE_L>13</DOMVALUE_L>
     <DDTEXT>일반 예탁금</DDTEXT>
    </DD07V>
    <DD07V>
     <DOMNAME>ZD_KUMKYUNG3</DOMNAME>
     <VALPOS>0014</VALPOS>
     <DDLANGUAGE>3</DDLANGUAGE>
     <DOMVALUE_L>14</DOMVALUE_L>
     <DDTEXT>신용계</DDTEXT>
    </DD07V>
    <DD07V>
     <DOMNAME>ZD_KUMKYUNG3</DOMNAME>
     <VALPOS>0015</VALPOS>
     <DDLANGUAGE>3</DDLANGUAGE>
     <DOMVALUE_L>15</DOMVALUE_L>
     <DDTEXT>신용부금</DDTEXT>
    </DD07V>
    <DD07V>
     <DOMNAME>ZD_KUMKYUNG3</DOMNAME>
     <VALPOS>0016</VALPOS>
     <DDLANGUAGE>3</DDLANGUAGE>
     <DOMVALUE_L>16</DOMVALUE_L>
     <DDTEXT>예금보험공사 개산지급금</DDTEXT>
    </DD07V>
    <DD07V>
     <DOMNAME>ZD_KUMKYUNG3</DOMNAME>
     <VALPOS>0017</VALPOS>
     <DDLANGUAGE>3</DDLANGUAGE>
     <DOMVALUE_L>17</DOMVALUE_L>
     <DDTEXT>기타</DDTEXT>
    </DD07V>
    <DD07V>
     <DOMNAME>ZD_KUMKYUNG3</DOMNAME>
     <VALPOS>0018</VALPOS>
     <DDLANGUAGE>3</DDLANGUAGE>
     <DOMVALUE_L>21</DOMVALUE_L>
     <DDTEXT>일반국채</DDTEXT>
    </DD07V>
    <DD07V>
     <DOMNAME>ZD_KUMKYUNG3</DOMNAME>
     <VALPOS>0019</VALPOS>
     <DDLANGUAGE>3</DDLANGUAGE>
     <DOMVALUE_L>22</DOMVALUE_L>
     <DDTEXT>STRIPS</DDTEXT>
    </DD07V>
    <DD07V>
     <DOMNAME>ZD_KUMKYUNG3</DOMNAME>
     <VALPOS>0020</VALPOS>
     <DDLANGUAGE>3</DDLANGUAGE>
     <DOMVALUE_L>23</DOMVALUE_L>
     <DDTEXT>물가연동채</DDTEXT>
    </DD07V>
    <DD07V>
     <DOMNAME>ZD_KUMKYUNG3</DOMNAME>
     <VALPOS>0021</VALPOS>
     <DDLANGUAGE>3</DDLANGUAGE>
     <DOMVALUE_L>24</DOMVALUE_L>
     <DDTEXT>지방채</DDTEXT>
    </DD07V>
    <DD07V>
     <DOMNAME>ZD_KUMKYUNG3</DOMNAME>
     <VALPOS>0022</VALPOS>
     <DDLANGUAGE>3</DDLANGUAGE>
     <DOMVALUE_L>25</DOMVALUE_L>
     <DDTEXT>특수채(토공,도로공,수공,예보 등)</DDTEXT>
    </DD07V>
    <DD07V>
     <DOMNAME>ZD_KUMKYUNG3</DOMNAME>
     <VALPOS>0023</VALPOS>
     <DDLANGUAGE>3</DDLANGUAGE>
     <DOMVALUE_L>26</DOMVALUE_L>
     <DDTEXT>지방공사채</DDTEXT>
    </DD07V>
    <DD07V>
     <DOMNAME>ZD_KUMKYUNG3</DOMNAME>
     <VALPOS>0024</VALPOS>
     <DDLANGUAGE>3</DDLANGUAGE>
     <DOMVALUE_L>27</DOMVALUE_L>
     <DDTEXT>금융채</DDTEXT>
    </DD07V>
    <DD07V>
     <DOMNAME>ZD_KUMKYUNG3</DOMNAME>
     <VALPOS>0025</VALPOS>
     <DDLANGUAGE>3</DDLANGUAGE>
     <DOMVALUE_L>28</DOMVALUE_L>
     <DDTEXT>유동화SPC채</DDTEXT>
    </DD07V>
    <DD07V>
     <DOMNAME>ZD_KUMKYUNG3</DOMNAME>
     <VALPOS>0026</VALPOS>
     <DDLANGUAGE>3</DDLANGUAGE>
     <DOMVALUE_L>29</DOMVALUE_L>
     <DDTEXT>일반회사채</DDTEXT>
    </DD07V>
    <DD07V>
     <DOMNAME>ZD_KUMKYUNG3</DOMNAME>
     <VALPOS>0027</VALPOS>
     <DDLANGUAGE>3</DDLANGUAGE>
     <DOMVALUE_L>30</DOMVALUE_L>
     <DDTEXT>전환사채</DDTEXT>
    </DD07V>
    <DD07V>
     <DOMNAME>ZD_KUMKYUNG3</DOMNAME>
     <VALPOS>0028</VALPOS>
     <DDLANGUAGE>3</DDLANGUAGE>
     <DOMVALUE_L>31</DOMVALUE_L>
     <DDTEXT>교환사채</DDTEXT>
    </DD07V>
    <DD07V>
     <DOMNAME>ZD_KUMKYUNG3</DOMNAME>
     <VALPOS>0029</VALPOS>
     <DDLANGUAGE>3</DDLANGUAGE>
     <DOMVALUE_L>32</DOMVALUE_L>
     <DDTEXT>신주인수권부사채</DDTEXT>
    </DD07V>
    <DD07V>
     <DOMNAME>ZD_KUMKYUNG3</DOMNAME>
     <VALPOS>0030</VALPOS>
     <DDLANGUAGE>3</DDLANGUAGE>
     <DOMVALUE_L>33</DOMVALUE_L>
     <DDTEXT>상환사채</DDTEXT>
    </DD07V>
    <DD07V>
     <DOMNAME>ZD_KUMKYUNG3</DOMNAME>
     <VALPOS>0031</VALPOS>
     <DDLANGUAGE>3</DDLANGUAGE>
     <DOMVALUE_L>34</DOMVALUE_L>
     <DDTEXT>파생결합사채</DDTEXT>
    </DD07V>
    <DD07V>
     <DOMNAME>ZD_KUMKYUNG3</DOMNAME>
     <VALPOS>0032</VALPOS>
     <DDLANGUAGE>3</DDLANGUAGE>
     <DOMVALUE_L>35</DOMVALUE_L>
     <DDTEXT>이익참가부사채</DDTEXT>
    </DD07V>
    <DD07V>
     <DOMNAME>ZD_KUMKYUNG3</DOMNAME>
     <VALPOS>0033</VALPOS>
     <DDLANGUAGE>3</DDLANGUAGE>
     <DOMVALUE_L>36</DOMVALUE_L>
     <DDTEXT>조건부자본증권</DDTEXT>
    </DD07V>
    <DD07V>
     <DOMNAME>ZD_KUMKYUNG3</DOMNAME>
     <VALPOS>0034</VALPOS>
     <DDLANGUAGE>3</DDLANGUAGE>
     <DOMVALUE_L>37</DOMVALUE_L>
     <DDTEXT>예금증서</DDTEXT>
    </DD07V>
    <DD07V>
     <DOMNAME>ZD_KUMKYUNG3</DOMNAME>
     <VALPOS>0035</VALPOS>
     <DDLANGUAGE>3</DDLANGUAGE>
     <DOMVALUE_L>38</DOMVALUE_L>
     <DDTEXT>기업어음</DDTEXT>
    </DD07V>
    <DD07V>
     <DOMNAME>ZD_KUMKYUNG3</DOMNAME>
     <VALPOS>0036</VALPOS>
     <DDLANGUAGE>3</DDLANGUAGE>
     <DOMVALUE_L>39</DOMVALUE_L>
     <DDTEXT>표지어음</DDTEXT>
    </DD07V>
    <DD07V>
     <DOMNAME>ZD_KUMKYUNG3</DOMNAME>
     <VALPOS>0037</VALPOS>
     <DDLANGUAGE>3</DDLANGUAGE>
     <DOMVALUE_L>3A</DOMVALUE_L>
     <DDTEXT>발행어음</DDTEXT>
    </DD07V>
    <DD07V>
     <DOMNAME>ZD_KUMKYUNG3</DOMNAME>
     <VALPOS>0038</VALPOS>
     <DDLANGUAGE>3</DDLANGUAGE>
     <DOMVALUE_L>3B</DOMVALUE_L>
     <DDTEXT>상업·무역어음 일반매출</DDTEXT>
    </DD07V>
    <DD07V>
     <DOMNAME>ZD_KUMKYUNG3</DOMNAME>
     <VALPOS>0039</VALPOS>
     <DDLANGUAGE>3</DDLANGUAGE>
     <DOMVALUE_L>3C</DOMVALUE_L>
     <DDTEXT>기타채권</DDTEXT>
    </DD07V>
    <DD07V>
     <DOMNAME>ZD_KUMKYUNG3</DOMNAME>
     <VALPOS>0040</VALPOS>
     <DDLANGUAGE>3</DDLANGUAGE>
     <DOMVALUE_L>41</DOMVALUE_L>
     <DDTEXT>개인연금보험</DDTEXT>
    </DD07V>
    <DD07V>
     <DOMNAME>ZD_KUMKYUNG3</DOMNAME>
     <VALPOS>0041</VALPOS>
     <DDLANGUAGE>3</DDLANGUAGE>
     <DOMVALUE_L>42</DOMVALUE_L>
     <DDTEXT>연금보험</DDTEXT>
    </DD07V>
    <DD07V>
     <DOMNAME>ZD_KUMKYUNG3</DOMNAME>
     <VALPOS>0042</VALPOS>
     <DDLANGUAGE>3</DDLANGUAGE>
     <DOMVALUE_L>43</DOMVALUE_L>
     <DDTEXT>변액보험</DDTEXT>
    </DD07V>
    <DD07V>
     <DOMNAME>ZD_KUMKYUNG3</DOMNAME>
     <VALPOS>0043</VALPOS>
     <DDLANGUAGE>3</DDLANGUAGE>
     <DOMVALUE_L>44</DOMVALUE_L>
     <DDTEXT>그 외 보험</DDTEXT>
    </DD07V>
    <DD07V>
     <DOMNAME>ZD_KUMKYUNG3</DOMNAME>
     <VALPOS>0044</VALPOS>
     <DDLANGUAGE>3</DDLANGUAGE>
     <DOMVALUE_L>46</DOMVALUE_L>
     <DDTEXT>불특정금전신탁(공·사채)</DDTEXT>
    </DD07V>
    <DD07V>
     <DOMNAME>ZD_KUMKYUNG3</DOMNAME>
     <VALPOS>0045</VALPOS>
     <DDLANGUAGE>3</DDLANGUAGE>
     <DOMVALUE_L>51</DOMVALUE_L>
     <DDTEXT>내국법인 상장</DDTEXT>
    </DD07V>
    <DD07V>
     <DOMNAME>ZD_KUMKYUNG3</DOMNAME>
     <VALPOS>0046</VALPOS>
     <DDLANGUAGE>3</DDLANGUAGE>
     <DOMVALUE_L>52</DOMVALUE_L>
     <DDTEXT>내국법인 비상장</DDTEXT>
    </DD07V>
    <DD07V>
     <DOMNAME>ZD_KUMKYUNG3</DOMNAME>
     <VALPOS>0047</VALPOS>
     <DDLANGUAGE>3</DDLANGUAGE>
     <DOMVALUE_L>53</DOMVALUE_L>
     <DDTEXT>외국법인 상장</DDTEXT>
    </DD07V>
    <DD07V>
     <DOMNAME>ZD_KUMKYUNG3</DOMNAME>
     <VALPOS>0048</VALPOS>
     <DDLANGUAGE>3</DDLANGUAGE>
     <DOMVALUE_L>54</DOMVALUE_L>
     <DDTEXT>외국법인 비상장</DDTEXT>
    </DD07V>
    <DD07V>
     <DOMNAME>ZD_KUMKYUNG3</DOMNAME>
     <VALPOS>0049</VALPOS>
     <DDLANGUAGE>3</DDLANGUAGE>
     <DOMVALUE_L>61</DOMVALUE_L>
     <DDTEXT>감자차익</DDTEXT>
    </DD07V>
    <DD07V>
     <DOMNAME>ZD_KUMKYUNG3</DOMNAME>
     <VALPOS>0050</VALPOS>
     <DDLANGUAGE>3</DDLANGUAGE>
     <DOMVALUE_L>62</DOMVALUE_L>
     <DDTEXT>자본전입</DDTEXT>
    </DD07V>
    <DD07V>
     <DOMNAME>ZD_KUMKYUNG3</DOMNAME>
     <VALPOS>0051</VALPOS>
     <DDLANGUAGE>3</DDLANGUAGE>
     <DOMVALUE_L>63</DOMVALUE_L>
     <DDTEXT>해산 잔여재산 분배</DDTEXT>
    </DD07V>
    <DD07V>
     <DOMNAME>ZD_KUMKYUNG3</DOMNAME>
     <VALPOS>0052</VALPOS>
     <DDLANGUAGE>3</DDLANGUAGE>
     <DOMVALUE_L>64</DOMVALUE_L>
     <DDTEXT>합병차익</DDTEXT>
    </DD07V>
    <DD07V>
     <DOMNAME>ZD_KUMKYUNG3</DOMNAME>
     <VALPOS>0053</VALPOS>
     <DDLANGUAGE>3</DDLANGUAGE>
     <DOMVALUE_L>65</DOMVALUE_L>
     <DDTEXT>자기주식 보유법인의 자본준비금, 재평가적립금 자본전입에 따른 타 주주 지분비율증가</DDTEXT>
    </DD07V>
    <DD07V>
     <DOMNAME>ZD_KUMKYUNG3</DOMNAME>
     <VALPOS>0054</VALPOS>
     <DDLANGUAGE>3</DDLANGUAGE>
     <DOMVALUE_L>66</DOMVALUE_L>
     <DDTEXT>분할차익</DDTEXT>
    </DD07V>
    <DD07V>
     <DOMNAME>ZD_KUMKYUNG3</DOMNAME>
     <VALPOS>0055</VALPOS>
     <DDLANGUAGE>3</DDLANGUAGE>
     <DOMVALUE_L>71</DOMVALUE_L>
     <DDTEXT>국내 공모투자신탁·투자(익명)조합</DDTEXT>
    </DD07V>
    <DD07V>
     <DOMNAME>ZD_KUMKYUNG3</DOMNAME>
     <VALPOS>0056</VALPOS>
     <DDLANGUAGE>3</DDLANGUAGE>
     <DOMVALUE_L>72</DOMVALUE_L>
     <DDTEXT>국내 공모투자회사·투자유한(합자)회사</DDTEXT>
    </DD07V>
    <DD07V>
     <DOMNAME>ZD_KUMKYUNG3</DOMNAME>
     <VALPOS>0057</VALPOS>
     <DDLANGUAGE>3</DDLANGUAGE>
     <DOMVALUE_L>73</DOMVALUE_L>
     <DDTEXT>국내 사모투자신탁·투자(익명)조합</DDTEXT>
    </DD07V>
    <DD07V>
     <DOMNAME>ZD_KUMKYUNG3</DOMNAME>
     <VALPOS>0058</VALPOS>
     <DDLANGUAGE>3</DDLANGUAGE>
     <DOMVALUE_L>74</DOMVALUE_L>
     <DDTEXT>국내 사모투자회사·투자유한(합자)회사</DDTEXT>
    </DD07V>
    <DD07V>
     <DOMNAME>ZD_KUMKYUNG3</DOMNAME>
     <VALPOS>0059</VALPOS>
     <DDLANGUAGE>3</DDLANGUAGE>
     <DOMVALUE_L>75</DOMVALUE_L>
     <DDTEXT>국내 사모투자전문회사</DDTEXT>
    </DD07V>
    <DD07V>
     <DOMNAME>ZD_KUMKYUNG3</DOMNAME>
     <VALPOS>0060</VALPOS>
     <DDLANGUAGE>3</DDLANGUAGE>
     <DOMVALUE_L>76</DOMVALUE_L>
     <DDTEXT>국내 투자신탁형 ETF</DDTEXT>
    </DD07V>
    <DD07V>
     <DOMNAME>ZD_KUMKYUNG3</DOMNAME>
     <VALPOS>0061</VALPOS>
     <DDLANGUAGE>3</DDLANGUAGE>
     <DOMVALUE_L>77</DOMVALUE_L>
     <DDTEXT>국내 투자회사형 ETF</DDTEXT>
    </DD07V>
    <DD07V>
     <DOMNAME>ZD_KUMKYUNG3</DOMNAME>
     <VALPOS>0062</VALPOS>
     <DDLANGUAGE>3</DDLANGUAGE>
     <DOMVALUE_L>78</DOMVALUE_L>
     <DDTEXT>해외 공모투자신탁·투자(익명)조합</DDTEXT>
    </DD07V>
    <DD07V>
     <DOMNAME>ZD_KUMKYUNG3</DOMNAME>
     <VALPOS>0063</VALPOS>
     <DDLANGUAGE>3</DDLANGUAGE>
     <DOMVALUE_L>79</DOMVALUE_L>
     <DDTEXT>해외 공모투자회사·투자유한(합자)회사</DDTEXT>
    </DD07V>
    <DD07V>
     <DOMNAME>ZD_KUMKYUNG3</DOMNAME>
     <VALPOS>0064</VALPOS>
     <DDLANGUAGE>3</DDLANGUAGE>
     <DOMVALUE_L>80</DOMVALUE_L>
     <DDTEXT>해외 사모투자신탁·투자(익명)조합</DDTEXT>
    </DD07V>
    <DD07V>
     <DOMNAME>ZD_KUMKYUNG3</DOMNAME>
     <VALPOS>0065</VALPOS>
     <DDLANGUAGE>3</DDLANGUAGE>
     <DOMVALUE_L>81</DOMVALUE_L>
     <DDTEXT>해외 사모투자회사·투자유한(합자)회사</DDTEXT>
    </DD07V>
    <DD07V>
     <DOMNAME>ZD_KUMKYUNG3</DOMNAME>
     <VALPOS>0066</VALPOS>
     <DDLANGUAGE>3</DDLANGUAGE>
     <DOMVALUE_L>82</DOMVALUE_L>
     <DDTEXT>해외 사모투자전문회사</DDTEXT>
    </DD07V>
    <DD07V>
     <DOMNAME>ZD_KUMKYUNG3</DOMNAME>
     <VALPOS>0067</VALPOS>
     <DDLANGUAGE>3</DDLANGUAGE>
     <DOMVALUE_L>83</DOMVALUE_L>
     <DDTEXT>해외 투자신탁형 ETF</DDTEXT>
    </DD07V>
    <DD07V>
     <DOMNAME>ZD_KUMKYUNG3</DOMNAME>
     <VALPOS>0068</VALPOS>
     <DDLANGUAGE>3</DDLANGUAGE>
     <DOMVALUE_L>84</DOMVALUE_L>
     <DDTEXT>해외 투자회사형 ETF</DDTEXT>
    </DD07V>
    <DD07V>
     <DOMNAME>ZD_KUMKYUNG3</DOMNAME>
     <VALPOS>0069</VALPOS>
     <DDLANGUAGE>3</DDLANGUAGE>
     <DOMVALUE_L>85</DOMVALUE_L>
     <DDTEXT>역외 공모투자신탁·투자(익명)조합</DDTEXT>
    </DD07V>
    <DD07V>
     <DOMNAME>ZD_KUMKYUNG3</DOMNAME>
     <VALPOS>0070</VALPOS>
     <DDLANGUAGE>3</DDLANGUAGE>
     <DOMVALUE_L>86</DOMVALUE_L>
     <DDTEXT>역외 공모투자회사·투자유한(합자)회사</DDTEXT>
    </DD07V>
    <DD07V>
     <DOMNAME>ZD_KUMKYUNG3</DOMNAME>
     <VALPOS>0071</VALPOS>
     <DDLANGUAGE>3</DDLANGUAGE>
     <DOMVALUE_L>87</DOMVALUE_L>
     <DDTEXT>역외 사모투자신탁·투자(익명)조합</DDTEXT>
    </DD07V>
    <DD07V>
     <DOMNAME>ZD_KUMKYUNG3</DOMNAME>
     <VALPOS>0072</VALPOS>
     <DDLANGUAGE>3</DDLANGUAGE>
     <DOMVALUE_L>88</DOMVALUE_L>
     <DDTEXT>역외 사모투자회사·투자유한(합자)회사</DDTEXT>
    </DD07V>
    <DD07V>
     <DOMNAME>ZD_KUMKYUNG3</DOMNAME>
     <VALPOS>0073</VALPOS>
     <DDLANGUAGE>3</DDLANGUAGE>
     <DOMVALUE_L>89</DOMVALUE_L>
     <DDTEXT>역외 사모투자전문회사</DDTEXT>
    </DD07V>
    <DD07V>
     <DOMNAME>ZD_KUMKYUNG3</DOMNAME>
     <VALPOS>0074</VALPOS>
     <DDLANGUAGE>3</DDLANGUAGE>
     <DOMVALUE_L>8A</DOMVALUE_L>
     <DDTEXT>역외 투자신탁형 ETF</DDTEXT>
    </DD07V>
    <DD07V>
     <DOMNAME>ZD_KUMKYUNG3</DOMNAME>
     <VALPOS>0075</VALPOS>
     <DDLANGUAGE>3</DDLANGUAGE>
     <DOMVALUE_L>8B</DOMVALUE_L>
     <DDTEXT>역외 투자회사형 ETF</DDTEXT>
    </DD07V>
    <DD07V>
     <DOMNAME>ZD_KUMKYUNG3</DOMNAME>
     <VALPOS>0076</VALPOS>
     <DDLANGUAGE>3</DDLANGUAGE>
     <DOMVALUE_L>91</DOMVALUE_L>
     <DDTEXT>증권</DDTEXT>
    </DD07V>
    <DD07V>
     <DOMNAME>ZD_KUMKYUNG3</DOMNAME>
     <VALPOS>0077</VALPOS>
     <DDLANGUAGE>3</DDLANGUAGE>
     <DOMVALUE_L>92</DOMVALUE_L>
     <DDTEXT>통화</DDTEXT>
    </DD07V>
    <DD07V>
     <DOMNAME>ZD_KUMKYUNG3</DOMNAME>
     <VALPOS>0078</VALPOS>
     <DDLANGUAGE>3</DDLANGUAGE>
     <DOMVALUE_L>93</DOMVALUE_L>
     <DDTEXT>농산물(이를 원료로 제조·가공한 물품 포함, 이하 같음)</DDTEXT>
    </DD07V>
    <DD07V>
     <DOMNAME>ZD_KUMKYUNG3</DOMNAME>
     <VALPOS>0079</VALPOS>
     <DDLANGUAGE>3</DDLANGUAGE>
     <DOMVALUE_L>94</DOMVALUE_L>
     <DDTEXT>축산물</DDTEXT>
    </DD07V>
    <DD07V>
     <DOMNAME>ZD_KUMKYUNG3</DOMNAME>
     <VALPOS>0080</VALPOS>
     <DDLANGUAGE>3</DDLANGUAGE>
     <DOMVALUE_L>95</DOMVALUE_L>
     <DDTEXT>수산물</DDTEXT>
    </DD07V>
    <DD07V>
     <DOMNAME>ZD_KUMKYUNG3</DOMNAME>
     <VALPOS>0081</VALPOS>
     <DDLANGUAGE>3</DDLANGUAGE>
     <DOMVALUE_L>96</DOMVALUE_L>
     <DDTEXT>임산물</DDTEXT>
    </DD07V>
    <DD07V>
     <DOMNAME>ZD_KUMKYUNG3</DOMNAME>
     <VALPOS>0082</VALPOS>
     <DDLANGUAGE>3</DDLANGUAGE>
     <DOMVALUE_L>97</DOMVALUE_L>
     <DDTEXT>광산물</DDTEXT>
    </DD07V>
    <DD07V>
     <DOMNAME>ZD_KUMKYUNG3</DOMNAME>
     <VALPOS>0083</VALPOS>
     <DDLANGUAGE>3</DDLANGUAGE>
     <DOMVALUE_L>98</DOMVALUE_L>
     <DDTEXT>에너지</DDTEXT>
    </DD07V>
    <DD07V>
     <DOMNAME>ZD_KUMKYUNG3</DOMNAME>
     <VALPOS>0084</VALPOS>
     <DDLANGUAGE>3</DDLANGUAGE>
     <DOMVALUE_L>99</DOMVALUE_L>
     <DDTEXT>신용위험의 지표</DDTEXT>
    </DD07V>
    <DD07V>
     <DOMNAME>ZD_KUMKYUNG3</DOMNAME>
     <VALPOS>0085</VALPOS>
     <DDLANGUAGE>3</DDLANGUAGE>
     <DOMVALUE_L>9A</DOMVALUE_L>
     <DDTEXT>기타</DDTEXT>
    </DD07V>
    <DD07V>
     <DOMNAME>ZD_KUMKYUNG3</DOMNAME>
     <VALPOS>0086</VALPOS>
     <DDLANGUAGE>3</DDLANGUAGE>
     <DOMVALUE_L>9B</DOMVALUE_L>
     <DDTEXT>복합</DDTEXT>
    </DD07V>
   </DD07V_TAB>
  </asx:values>
 </asx:abap>
</abapGit>
