﻿<?xml version="1.0" encoding="utf-8"?>
<abapGit version="v1.0.0" serializer="LCL_OBJECT_DOMA" serializer_version="v1.0.0">
 <asx:abap xmlns:asx="http://www.sap.com/abapxml" version="1.0">
  <asx:values>
   <DD01V>
    <DOMNAME>ZD_LOCAL_BRAND</DOMNAME>
    <DDLANGUAGE>3</DDLANGUAGE>
    <DATATYPE>CHAR</DATATYPE>
    <LENG>000001</LENG>
    <OUTPUTLEN>000001</OUTPUTLEN>
    <VALEXI>X</VALEXI>
    <DDTEXT>[FI] 국내브랜드구분</DDTEXT>
   </DD01V>
   <DD07V_TAB>
    <DD07V>
     <DOMNAME>ZD_LOCAL_BRAND</DOMNAME>
     <VALPOS>0001</VALPOS>
     <DDLANGUAGE>3</DDLANGUAGE>
     <DOMVALUE_L>B</DOMVALUE_L>
     <DDTEXT>BC</DDTEXT>
    </DD07V>
    <DD07V>
     <DOMNAME>ZD_LOCAL_BRAND</DOMNAME>
     <VALPOS>0002</VALPOS>
     <DDLANGUAGE>3</DDLANGUAGE>
     <DOMVALUE_L>K</DOMVALUE_L>
     <DDTEXT>국민</DDTEXT>
    </DD07V>
    <DD07V>
     <DOMNAME>ZD_LOCAL_BRAND</DOMNAME>
     <VALPOS>0003</VALPOS>
     <DDLANGUAGE>3</DDLANGUAGE>
     <DOMVALUE_L>E</DOMVALUE_L>
     <DDTEXT>외환</DDTEXT>
    </DD07V>
    <DD07V>
     <DOMNAME>ZD_LOCAL_BRAND</DOMNAME>
     <VALPOS>0004</VALPOS>
     <DDLANGUAGE>3</DDLANGUAGE>
     <DOMVALUE_L>D</DOMVALUE_L>
     <DDTEXT>삼성</DDTEXT>
    </DD07V>
    <DD07V>
     <DOMNAME>ZD_LOCAL_BRAND</DOMNAME>
     <VALPOS>0005</VALPOS>
     <DDLANGUAGE>3</DDLANGUAGE>
     <DOMVALUE_L>S</DOMVALUE_L>
     <DDTEXT>신한</DDTEXT>
    </DD07V>
    <DD07V>
     <DOMNAME>ZD_LOCAL_BRAND</DOMNAME>
     <VALPOS>0006</VALPOS>
     <DDLANGUAGE>3</DDLANGUAGE>
     <DOMVALUE_L>H</DOMVALUE_L>
     <DDTEXT>현대</DDTEXT>
    </DD07V>
    <DD07V>
     <DOMNAME>ZD_LOCAL_BRAND</DOMNAME>
     <VALPOS>0007</VALPOS>
     <DDLANGUAGE>3</DDLANGUAGE>
     <DOMVALUE_L>L</DOMVALUE_L>
     <DDTEXT>롯데</DDTEXT>
    </DD07V>
    <DD07V>
     <DOMNAME>ZD_LOCAL_BRAND</DOMNAME>
     <VALPOS>0008</VALPOS>
     <DDLANGUAGE>3</DDLANGUAGE>
     <DOMVALUE_L>F</DOMVALUE_L>
     <DDTEXT>수협</DDTEXT>
    </DD07V>
    <DD07V>
     <DOMNAME>ZD_LOCAL_BRAND</DOMNAME>
     <VALPOS>0009</VALPOS>
     <DDLANGUAGE>3</DDLANGUAGE>
     <DOMVALUE_L>P</DOMVALUE_L>
     <DDTEXT>농협</DDTEXT>
    </DD07V>
    <DD07V>
     <DOMNAME>ZD_LOCAL_BRAND</DOMNAME>
     <VALPOS>0010</VALPOS>
     <DDLANGUAGE>3</DDLANGUAGE>
     <DOMVALUE_L>W</DOMVALUE_L>
     <DDTEXT>광주</DDTEXT>
    </DD07V>
    <DD07V>
     <DOMNAME>ZD_LOCAL_BRAND</DOMNAME>
     <VALPOS>0011</VALPOS>
     <DDLANGUAGE>3</DDLANGUAGE>
     <DOMVALUE_L>J</DOMVALUE_L>
     <DDTEXT>전북</DDTEXT>
    </DD07V>
    <DD07V>
     <DOMNAME>ZD_LOCAL_BRAND</DOMNAME>
     <VALPOS>0012</VALPOS>
     <DDLANGUAGE>3</DDLANGUAGE>
     <DOMVALUE_L>C</DOMVALUE_L>
     <DDTEXT>산은</DDTEXT>
    </DD07V>
    <DD07V>
     <DOMNAME>ZD_LOCAL_BRAND</DOMNAME>
     <VALPOS>0013</VALPOS>
     <DDLANGUAGE>3</DDLANGUAGE>
     <DOMVALUE_L>N</DOMVALUE_L>
     <DDTEXT>하나</DDTEXT>
    </DD07V>
   </DD07V_TAB>
  </asx:values>
 </asx:abap>
</abapGit>
