﻿<?xml version="1.0" encoding="utf-8"?>
<abapGit version="v1.0.0" serializer="LCL_OBJECT_DOMA" serializer_version="v1.0.0">
 <asx:abap xmlns:asx="http://www.sap.com/abapxml" version="1.0">
  <asx:values>
   <DD01V>
    <DOMNAME>ZD_PGTYPE</DOMNAME>
    <DDLANGUAGE>3</DDLANGUAGE>
    <DATATYPE>CHAR</DATATYPE>
    <LENG>000002</LENG>
    <OUTPUTLEN>000002</OUTPUTLEN>
    <VALEXI>X</VALEXI>
    <DDTEXT>[FI] PG사 구분</DDTEXT>
   </DD01V>
   <DD07V_TAB>
    <DD07V>
     <DOMNAME>ZD_PGTYPE</DOMNAME>
     <VALPOS>0001</VALPOS>
     <DDLANGUAGE>3</DDLANGUAGE>
     <DOMVALUE_L>01</DOMVALUE_L>
     <DDTEXT>KCP</DDTEXT>
    </DD07V>
    <DD07V>
     <DOMNAME>ZD_PGTYPE</DOMNAME>
     <VALPOS>0002</VALPOS>
     <DDLANGUAGE>3</DDLANGUAGE>
     <DOMVALUE_L>02</DOMVALUE_L>
     <DDTEXT>네이버페이</DDTEXT>
    </DD07V>
    <DD07V>
     <DOMNAME>ZD_PGTYPE</DOMNAME>
     <VALPOS>0003</VALPOS>
     <DDLANGUAGE>3</DDLANGUAGE>
     <DOMVALUE_L>03</DOMVALUE_L>
     <DDTEXT>카카오페이</DDTEXT>
    </DD07V>
    <DD07V>
     <DOMNAME>ZD_PGTYPE</DOMNAME>
     <VALPOS>0004</VALPOS>
     <DDLANGUAGE>3</DDLANGUAGE>
     <DOMVALUE_L>04</DOMVALUE_L>
     <DDTEXT>스마일페이</DDTEXT>
    </DD07V>
    <DD07V>
     <DOMNAME>ZD_PGTYPE</DOMNAME>
     <VALPOS>0005</VALPOS>
     <DDLANGUAGE>3</DDLANGUAGE>
     <DOMVALUE_L>05</DOMVALUE_L>
     <DDTEXT>PAYCO</DDTEXT>
    </DD07V>
    <DD07V>
     <DOMNAME>ZD_PGTYPE</DOMNAME>
     <VALPOS>0006</VALPOS>
     <DDLANGUAGE>3</DDLANGUAGE>
     <DOMVALUE_L>06</DOMVALUE_L>
     <DDTEXT>모빌리언스</DDTEXT>
    </DD07V>
    <DD07V>
     <DOMNAME>ZD_PGTYPE</DOMNAME>
     <VALPOS>0007</VALPOS>
     <DDLANGUAGE>3</DDLANGUAGE>
     <DOMVALUE_L>07</DOMVALUE_L>
     <DDTEXT>갤러시아커뮤니케이션</DDTEXT>
    </DD07V>
    <DD07V>
     <DOMNAME>ZD_PGTYPE</DOMNAME>
     <VALPOS>0008</VALPOS>
     <DDLANGUAGE>3</DDLANGUAGE>
     <DOMVALUE_L>08</DOMVALUE_L>
     <DDTEXT>TOSS</DDTEXT>
    </DD07V>
    <DD07V>
     <DOMNAME>ZD_PGTYPE</DOMNAME>
     <VALPOS>0009</VALPOS>
     <DDLANGUAGE>3</DDLANGUAGE>
     <DOMVALUE_L>09</DOMVALUE_L>
     <DDTEXT>CHAI</DDTEXT>
    </DD07V>
    <DD07V>
     <DOMNAME>ZD_PGTYPE</DOMNAME>
     <VALPOS>0010</VALPOS>
     <DDLANGUAGE>3</DDLANGUAGE>
     <DOMVALUE_L>10</DOMVALUE_L>
     <DDTEXT>DANAL</DDTEXT>
    </DD07V>
    <DD07V>
     <DOMNAME>ZD_PGTYPE</DOMNAME>
     <VALPOS>0011</VALPOS>
     <DDLANGUAGE>3</DDLANGUAGE>
    </DD07V>
   </DD07V_TAB>
  </asx:values>
 </asx:abap>
</abapGit>
