﻿<?xml version="1.0" encoding="utf-8"?>
<abapGit version="v1.0.0" serializer="LCL_OBJECT_DOMA" serializer_version="v1.0.0">
 <asx:abap xmlns:asx="http://www.sap.com/abapxml" version="1.0">
  <asx:values>
   <DD01V>
    <DOMNAME>ZD_SPECIAL_TAX_CODE</DOMNAME>
    <DDLANGUAGE>3</DDLANGUAGE>
    <DATATYPE>CHAR</DATATYPE>
    <LENG>000002</LENG>
    <OUTPUTLEN>000002</OUTPUTLEN>
    <VALEXI>X</VALEXI>
    <DDTEXT>조세특례 등</DDTEXT>
   </DD01V>
   <DD07V_TAB>
    <DD07V>
     <DOMNAME>ZD_SPECIAL_TAX_CODE</DOMNAME>
     <VALPOS>0001</VALPOS>
     <DDLANGUAGE>3</DDLANGUAGE>
     <DOMVALUE_L>NN</DOMVALUE_L>
     <DDTEXT>조세특례 등을 적용받지 않고 원천징수한 경우</DDTEXT>
    </DD07V>
    <DD07V>
     <DOMNAME>ZD_SPECIAL_TAX_CODE</DOMNAME>
     <VALPOS>0002</VALPOS>
     <DDLANGUAGE>3</DDLANGUAGE>
     <DOMVALUE_L>SA</DOMVALUE_L>
     <DDTEXT>개인연금저축(조특§86)</DDTEXT>
    </DD07V>
    <DD07V>
     <DOMNAME>ZD_SPECIAL_TAX_CODE</DOMNAME>
     <VALPOS>0003</VALPOS>
     <DDLANGUAGE>3</DDLANGUAGE>
     <DOMVALUE_L>SB</DOMVALUE_L>
     <DDTEXT>소기업ㆍ소상공인 공제부금(조특§86의3)</DDTEXT>
    </DD07V>
    <DD07V>
     <DOMNAME>ZD_SPECIAL_TAX_CODE</DOMNAME>
     <VALPOS>0004</VALPOS>
     <DDLANGUAGE>3</DDLANGUAGE>
     <DOMVALUE_L>SC</DOMVALUE_L>
     <DDTEXT>장기주택마련저축(조특§87)</DDTEXT>
    </DD07V>
    <DD07V>
     <DOMNAME>ZD_SPECIAL_TAX_CODE</DOMNAME>
     <VALPOS>0005</VALPOS>
     <DDLANGUAGE>3</DDLANGUAGE>
     <DOMVALUE_L>SD</DOMVALUE_L>
     <DDTEXT>주택청약종합저축(조특§87)</DDTEXT>
    </DD07V>
    <DD07V>
     <DOMNAME>ZD_SPECIAL_TAX_CODE</DOMNAME>
     <VALPOS>0006</VALPOS>
     <DDLANGUAGE>3</DDLANGUAGE>
     <DOMVALUE_L>SE</DOMVALUE_L>
     <DDTEXT>농어가목돈마련저축(조특§87의2)</DDTEXT>
    </DD07V>
    <DD07V>
     <DOMNAME>ZD_SPECIAL_TAX_CODE</DOMNAME>
     <VALPOS>0007</VALPOS>
     <DDLANGUAGE>3</DDLANGUAGE>
     <DOMVALUE_L>SF</DOMVALUE_L>
     <DDTEXT>선박투자회사 배당(조특§87의5)</DDTEXT>
    </DD07V>
    <DD07V>
     <DOMNAME>ZD_SPECIAL_TAX_CODE</DOMNAME>
     <VALPOS>0008</VALPOS>
     <DDLANGUAGE>3</DDLANGUAGE>
     <DOMVALUE_L>SG</DOMVALUE_L>
     <DDTEXT>부동산집합투자기구ㆍ부동산투자회사 배당(조특§87의6)</DDTEXT>
    </DD07V>
    <DD07V>
     <DOMNAME>ZD_SPECIAL_TAX_CODE</DOMNAME>
     <VALPOS>0009</VALPOS>
     <DDLANGUAGE>3</DDLANGUAGE>
     <DOMVALUE_L>SH</DOMVALUE_L>
     <DDTEXT>노인ㆍ장애인등 생계형저축(조특§88의2)</DDTEXT>
    </DD07V>
    <DD07V>
     <DOMNAME>ZD_SPECIAL_TAX_CODE</DOMNAME>
     <VALPOS>0010</VALPOS>
     <DDLANGUAGE>3</DDLANGUAGE>
     <DOMVALUE_L>SI</DOMVALUE_L>
     <DDTEXT>우리사주조합 배당(조특§88의4⑨)</DDTEXT>
    </DD07V>
    <DD07V>
     <DOMNAME>ZD_SPECIAL_TAX_CODE</DOMNAME>
     <VALPOS>0011</VALPOS>
     <DDLANGUAGE>3</DDLANGUAGE>
     <DOMVALUE_L>SJ</DOMVALUE_L>
     <DDTEXT>농협 근로자의 자사지분 배당(조특§88의4⑩)</DDTEXT>
    </DD07V>
    <DD07V>
     <DOMNAME>ZD_SPECIAL_TAX_CODE</DOMNAME>
     <VALPOS>0012</VALPOS>
     <DDLANGUAGE>3</DDLANGUAGE>
     <DOMVALUE_L>SK</DOMVALUE_L>
     <DDTEXT>조합 등 출자금(조특§88의5)</DDTEXT>
    </DD07V>
    <DD07V>
     <DOMNAME>ZD_SPECIAL_TAX_CODE</DOMNAME>
     <VALPOS>0013</VALPOS>
     <DDLANGUAGE>3</DDLANGUAGE>
     <DOMVALUE_L>SL</DOMVALUE_L>
     <DDTEXT>세금우대종합저축(조특§89)</DDTEXT>
    </DD07V>
    <DD07V>
     <DOMNAME>ZD_SPECIAL_TAX_CODE</DOMNAME>
     <VALPOS>0014</VALPOS>
     <DDLANGUAGE>3</DDLANGUAGE>
     <DOMVALUE_L>SM</DOMVALUE_L>
     <DDTEXT>조합 등 예탁금(조특§89의3)</DDTEXT>
    </DD07V>
    <DD07V>
     <DOMNAME>ZD_SPECIAL_TAX_CODE</DOMNAME>
     <VALPOS>0015</VALPOS>
     <DDLANGUAGE>3</DDLANGUAGE>
     <DOMVALUE_L>SN</DOMVALUE_L>
     <DDTEXT>사회기반시설투융자회사 배당(조특§91의4)</DDTEXT>
    </DD07V>
    <DD07V>
     <DOMNAME>ZD_SPECIAL_TAX_CODE</DOMNAME>
     <VALPOS>0016</VALPOS>
     <DDLANGUAGE>3</DDLANGUAGE>
     <DOMVALUE_L>SO</DOMVALUE_L>
     <DDTEXT>해외자원개발투자회사 배당(조특§91의6)</DDTEXT>
    </DD07V>
    <DD07V>
     <DOMNAME>ZD_SPECIAL_TAX_CODE</DOMNAME>
     <VALPOS>0017</VALPOS>
     <DDLANGUAGE>3</DDLANGUAGE>
     <DOMVALUE_L>SP</DOMVALUE_L>
     <DDTEXT>고수익고위험투자신탁(조특§91의7)</DDTEXT>
    </DD07V>
    <DD07V>
     <DOMNAME>ZD_SPECIAL_TAX_CODE</DOMNAME>
     <VALPOS>0018</VALPOS>
     <DDLANGUAGE>3</DDLANGUAGE>
     <DOMVALUE_L>SQ</DOMVALUE_L>
     <DDTEXT>공익기부집합투자기구(조특§91의8)</DDTEXT>
    </DD07V>
    <DD07V>
     <DOMNAME>ZD_SPECIAL_TAX_CODE</DOMNAME>
     <VALPOS>0019</VALPOS>
     <DDLANGUAGE>3</DDLANGUAGE>
     <DOMVALUE_L>SR</DOMVALUE_L>
     <DDTEXT>장기주식형저축(조특§91의9)</DDTEXT>
    </DD07V>
    <DD07V>
     <DOMNAME>ZD_SPECIAL_TAX_CODE</DOMNAME>
     <VALPOS>0020</VALPOS>
     <DDLANGUAGE>3</DDLANGUAGE>
     <DOMVALUE_L>SS</DOMVALUE_L>
     <DDTEXT>장기회사채형저축(조특§91의10)</DDTEXT>
    </DD07V>
    <DD07V>
     <DOMNAME>ZD_SPECIAL_TAX_CODE</DOMNAME>
     <VALPOS>0021</VALPOS>
     <DDLANGUAGE>3</DDLANGUAGE>
     <DOMVALUE_L>ST</DOMVALUE_L>
     <DDTEXT>미분양주택투자신탁(조특§91의11)</DDTEXT>
    </DD07V>
    <DD07V>
     <DOMNAME>ZD_SPECIAL_TAX_CODE</DOMNAME>
     <VALPOS>0022</VALPOS>
     <DDLANGUAGE>3</DDLANGUAGE>
     <DOMVALUE_L>SU</DOMVALUE_L>
     <DDTEXT>재외동포전용 투자신탁(조특§91의12)</DDTEXT>
    </DD07V>
    <DD07V>
     <DOMNAME>ZD_SPECIAL_TAX_CODE</DOMNAME>
     <VALPOS>0023</VALPOS>
     <DDLANGUAGE>3</DDLANGUAGE>
     <DOMVALUE_L>SV</DOMVALUE_L>
     <DDTEXT>녹색저축 등(조특§91의13)</DDTEXT>
    </DD07V>
    <DD07V>
     <DOMNAME>ZD_SPECIAL_TAX_CODE</DOMNAME>
     <VALPOS>0024</VALPOS>
     <DDLANGUAGE>3</DDLANGUAGE>
     <DOMVALUE_L>PA</DOMVALUE_L>
     <DDTEXT>중소기업창업투자조합등에 지급하는 배당소득(조특§14④)</DDTEXT>
    </DD07V>
    <DD07V>
     <DOMNAME>ZD_SPECIAL_TAX_CODE</DOMNAME>
     <VALPOS>0025</VALPOS>
     <DDLANGUAGE>3</DDLANGUAGE>
     <DOMVALUE_L>PB</DOMVALUE_L>
     <DDTEXT>중소기업창업투자조합등이 조합원에 지급하는 배당소득(조특§14④)</DDTEXT>
    </DD07V>
    <DD07V>
     <DOMNAME>ZD_SPECIAL_TAX_CODE</DOMNAME>
     <VALPOS>0026</VALPOS>
     <DDLANGUAGE>3</DDLANGUAGE>
     <DOMVALUE_L>PC</DOMVALUE_L>
     <DDTEXT>공공차관 도입에 따른 과세특례(조특§20①)</DDTEXT>
    </DD07V>
    <DD07V>
     <DOMNAME>ZD_SPECIAL_TAX_CODE</DOMNAME>
     <VALPOS>0027</VALPOS>
     <DDLANGUAGE>3</DDLANGUAGE>
     <DOMVALUE_L>PD</DOMVALUE_L>
     <DDTEXT>외국인투자에 대한 법인세 등의 감면(조특§121의2③)</DDTEXT>
    </DD07V>
    <DD07V>
     <DOMNAME>ZD_SPECIAL_TAX_CODE</DOMNAME>
     <VALPOS>0028</VALPOS>
     <DDLANGUAGE>3</DDLANGUAGE>
     <DOMVALUE_L>PE</DOMVALUE_L>
     <DDTEXT>외화표시채권의 이자(조특§21①1)</DDTEXT>
    </DD07V>
    <DD07V>
     <DOMNAME>ZD_SPECIAL_TAX_CODE</DOMNAME>
     <VALPOS>0029</VALPOS>
     <DDLANGUAGE>3</DDLANGUAGE>
     <DOMVALUE_L>PF</DOMVALUE_L>
     <DDTEXT>외국환업무취급기관의 외화채무에 대한 이자(조특§21①2)</DDTEXT>
    </DD07V>
    <DD07V>
     <DOMNAME>ZD_SPECIAL_TAX_CODE</DOMNAME>
     <VALPOS>0030</VALPOS>
     <DDLANGUAGE>3</DDLANGUAGE>
     <DOMVALUE_L>PG</DOMVALUE_L>
     <DDTEXT>금융기관 국외발행(매각) 외화표시어음과 예금증서의 이자(조특§21①3)</DDTEXT>
    </DD07V>
    <DD07V>
     <DOMNAME>ZD_SPECIAL_TAX_CODE</DOMNAME>
     <VALPOS>0031</VALPOS>
     <DDLANGUAGE>3</DDLANGUAGE>
     <DOMVALUE_L>PH</DOMVALUE_L>
     <DDTEXT>사회기반시설채권 이자(조특§29)</DDTEXT>
    </DD07V>
    <DD07V>
     <DOMNAME>ZD_SPECIAL_TAX_CODE</DOMNAME>
     <VALPOS>0032</VALPOS>
     <DDLANGUAGE>3</DDLANGUAGE>
     <DOMVALUE_L>PI</DOMVALUE_L>
     <DDTEXT>영농조합법인 배당(조특§66②,③)</DDTEXT>
    </DD07V>
    <DD07V>
     <DOMNAME>ZD_SPECIAL_TAX_CODE</DOMNAME>
     <VALPOS>0033</VALPOS>
     <DDLANGUAGE>3</DDLANGUAGE>
     <DOMVALUE_L>PJ</DOMVALUE_L>
     <DDTEXT>영어조합법인 배당(조특§67②,③)</DDTEXT>
    </DD07V>
    <DD07V>
     <DOMNAME>ZD_SPECIAL_TAX_CODE</DOMNAME>
     <VALPOS>0034</VALPOS>
     <DDLANGUAGE>3</DDLANGUAGE>
     <DOMVALUE_L>PK</DOMVALUE_L>
     <DDTEXT>농업회사 배당(조특§68④)</DDTEXT>
    </DD07V>
    <DD07V>
     <DOMNAME>ZD_SPECIAL_TAX_CODE</DOMNAME>
     <VALPOS>0035</VALPOS>
     <DDLANGUAGE>3</DDLANGUAGE>
     <DOMVALUE_L>PL</DOMVALUE_L>
     <DDTEXT>동업기업에 지급하는 소득 중 법인세 납세의무가 있는 동업자에 귀속되는 소득</DDTEXT>
    </DD07V>
    <DD07V>
     <DOMNAME>ZD_SPECIAL_TAX_CODE</DOMNAME>
     <VALPOS>0036</VALPOS>
     <DDLANGUAGE>3</DDLANGUAGE>
     <DOMVALUE_L>PM</DOMVALUE_L>
     <DDTEXT>동업기업에 지급하는 소득 중 법인세 납세의무가 없는 동업자에 귀속되는 소득</DDTEXT>
    </DD07V>
    <DD07V>
     <DOMNAME>ZD_SPECIAL_TAX_CODE</DOMNAME>
     <VALPOS>0037</VALPOS>
     <DDLANGUAGE>3</DDLANGUAGE>
     <DOMVALUE_L>PN</DOMVALUE_L>
     <DDTEXT>신탁법 제65조에 따른 공익신탁의 이익(소법§12 1)</DDTEXT>
    </DD07V>
    <DD07V>
     <DOMNAME>ZD_SPECIAL_TAX_CODE</DOMNAME>
     <VALPOS>0038</VALPOS>
     <DDLANGUAGE>3</DDLANGUAGE>
     <DOMVALUE_L>PO</DOMVALUE_L>
     <DDTEXT>발행일∼상환약정일이 10년 이상으로 분리과세 신청한 장기채권(소법§129①1가, 조건부채권 제외)</DDTEXT>
    </DD07V>
    <DD07V>
     <DOMNAME>ZD_SPECIAL_TAX_CODE</DOMNAME>
     <VALPOS>0039</VALPOS>
     <DDLANGUAGE>3</DDLANGUAGE>
     <DOMVALUE_L>PP</DOMVALUE_L>
     <DDTEXT>법원에 납부한 보증금 및 경락대금 이자소득(소법§129②1)</DDTEXT>
    </DD07V>
    <DD07V>
     <DOMNAME>ZD_SPECIAL_TAX_CODE</DOMNAME>
     <VALPOS>0040</VALPOS>
     <DDLANGUAGE>3</DDLANGUAGE>
     <DOMVALUE_L>PQ</DOMVALUE_L>
     <DDTEXT>실지명의가 확인되지 아니하는 소득(소법§129②2본문)</DDTEXT>
    </DD07V>
    <DD07V>
     <DOMNAME>ZD_SPECIAL_TAX_CODE</DOMNAME>
     <VALPOS>0041</VALPOS>
     <DDLANGUAGE>3</DDLANGUAGE>
     <DOMVALUE_L>PR</DOMVALUE_L>
     <DDTEXT>금융실명거래 및 비밀보장에 관한 법률에 따른 비실명 소득(소법§129②2단서)</DDTEXT>
    </DD07V>
    <DD07V>
     <DOMNAME>ZD_SPECIAL_TAX_CODE</DOMNAME>
     <VALPOS>0042</VALPOS>
     <DDLANGUAGE>3</DDLANGUAGE>
     <DOMVALUE_L>PS</DOMVALUE_L>
     <DDTEXT>외국소득세액을 뺀 금액을 원천징수한 경우(소법§129④)</DDTEXT>
    </DD07V>
    <DD07V>
     <DOMNAME>ZD_SPECIAL_TAX_CODE</DOMNAME>
     <VALPOS>0043</VALPOS>
     <DDLANGUAGE>3</DDLANGUAGE>
     <DOMVALUE_L>PT</DOMVALUE_L>
     <DDTEXT>비거주자ㆍ외국법인에 대하여 조세조약에 따라 제한세율을 적용한 경우</DDTEXT>
    </DD07V>
    <DD07V>
     <DOMNAME>ZD_SPECIAL_TAX_CODE</DOMNAME>
     <VALPOS>0044</VALPOS>
     <DDLANGUAGE>3</DDLANGUAGE>
     <DOMVALUE_L>ZZ</DOMVALUE_L>
     <DDTEXT>기타</DDTEXT>
    </DD07V>
   </DD07V_TAB>
  </asx:values>
 </asx:abap>
</abapGit>
