﻿<?xml version="1.0" encoding="utf-8"?>
<abapGit version="v1.0.0" serializer="LCL_OBJECT_DOMA" serializer_version="v1.0.0">
 <asx:abap xmlns:asx="http://www.sap.com/abapxml" version="1.0">
  <asx:values>
   <DD01V>
    <DOMNAME>ZD_TAX_SECTION</DOMNAME>
    <DDLANGUAGE>3</DDLANGUAGE>
    <DATATYPE>CHAR</DATATYPE>
    <LENG>000004</LENG>
    <OUTPUTLEN>000004</OUTPUTLEN>
    <VALEXI>X</VALEXI>
    <DDTEXT>소득구분코드2</DDTEXT>
   </DD01V>
   <DD07V_TAB>
    <DD07V>
     <DOMNAME>ZD_TAX_SECTION</DOMNAME>
     <VALPOS>0001</VALPOS>
     <DDLANGUAGE>3</DDLANGUAGE>
     <DOMVALUE_L>A120</DOMVALUE_L>
     <DDTEXT>사업/법인/비거주</DDTEXT>
    </DD07V>
    <DD07V>
     <DOMNAME>ZD_TAX_SECTION</DOMNAME>
     <VALPOS>0002</VALPOS>
     <DDLANGUAGE>3</DDLANGUAGE>
     <DOMVALUE_L>A220</DOMVALUE_L>
     <DDTEXT>사업/개인/비거주</DDTEXT>
    </DD07V>
    <DD07V>
     <DOMNAME>ZD_TAX_SECTION</DOMNAME>
     <VALPOS>0003</VALPOS>
     <DDLANGUAGE>3</DDLANGUAGE>
     <DOMVALUE_L>A130</DOMVALUE_L>
     <DDTEXT>인적용역/법인/비거주</DDTEXT>
    </DD07V>
    <DD07V>
     <DOMNAME>ZD_TAX_SECTION</DOMNAME>
     <VALPOS>0004</VALPOS>
     <DDLANGUAGE>3</DDLANGUAGE>
     <DOMVALUE_L>A230</DOMVALUE_L>
     <DDTEXT>인적용역/개인/비거주</DDTEXT>
    </DD07V>
    <DD07V>
     <DOMNAME>ZD_TAX_SECTION</DOMNAME>
     <VALPOS>0005</VALPOS>
     <DDLANGUAGE>3</DDLANGUAGE>
     <DOMVALUE_L>A010</DOMVALUE_L>
     <DDTEXT>필요경비없는 기타소득(일반상금)/개인/거주</DDTEXT>
    </DD07V>
    <DD07V>
     <DOMNAME>ZD_TAX_SECTION</DOMNAME>
     <VALPOS>0006</VALPOS>
     <DDLANGUAGE>3</DDLANGUAGE>
     <DOMVALUE_L>A140</DOMVALUE_L>
     <DDTEXT>사용료/법인/비거주</DDTEXT>
    </DD07V>
    <DD07V>
     <DOMNAME>ZD_TAX_SECTION</DOMNAME>
     <VALPOS>0007</VALPOS>
     <DDLANGUAGE>3</DDLANGUAGE>
     <DOMVALUE_L>A240</DOMVALUE_L>
     <DDTEXT>사용료/개인/비거주</DDTEXT>
    </DD07V>
    <DD07V>
     <DOMNAME>ZD_TAX_SECTION</DOMNAME>
     <VALPOS>0008</VALPOS>
     <DDLANGUAGE>3</DDLANGUAGE>
     <DOMVALUE_L>A030</DOMVALUE_L>
     <DDTEXT>기타 필요경비 발생소득/개인/거주</DDTEXT>
    </DD07V>
    <DD07V>
     <DOMNAME>ZD_TAX_SECTION</DOMNAME>
     <VALPOS>0009</VALPOS>
     <DDLANGUAGE>3</DDLANGUAGE>
     <DOMVALUE_L>A150</DOMVALUE_L>
     <DDTEXT>기타(유가증권양도)/법인/비거주</DDTEXT>
    </DD07V>
    <DD07V>
     <DOMNAME>ZD_TAX_SECTION</DOMNAME>
     <VALPOS>0010</VALPOS>
     <DDLANGUAGE>3</DDLANGUAGE>
     <DOMVALUE_L>A160</DOMVALUE_L>
     <DDTEXT>기타(부동산 양도표시)/법인/비거주</DDTEXT>
    </DD07V>
    <DD07V>
     <DOMNAME>ZD_TAX_SECTION</DOMNAME>
     <VALPOS>0011</VALPOS>
     <DDLANGUAGE>3</DDLANGUAGE>
     <DOMVALUE_L>A170</DOMVALUE_L>
     <DDTEXT>기타(기타)/법인/비거주</DDTEXT>
    </DD07V>
    <DD07V>
     <DOMNAME>ZD_TAX_SECTION</DOMNAME>
     <VALPOS>0012</VALPOS>
     <DDLANGUAGE>3</DDLANGUAGE>
     <DOMVALUE_L>A250</DOMVALUE_L>
     <DDTEXT>기타(유가증권양도)/개인/비거주</DDTEXT>
    </DD07V>
    <DD07V>
     <DOMNAME>ZD_TAX_SECTION</DOMNAME>
     <VALPOS>0013</VALPOS>
     <DDLANGUAGE>3</DDLANGUAGE>
     <DOMVALUE_L>A260</DOMVALUE_L>
     <DDTEXT>기타(부동산 양도표시)/개인/비거주</DDTEXT>
    </DD07V>
    <DD07V>
     <DOMNAME>ZD_TAX_SECTION</DOMNAME>
     <VALPOS>0014</VALPOS>
     <DDLANGUAGE>3</DDLANGUAGE>
     <DOMVALUE_L>A270</DOMVALUE_L>
     <DDTEXT>기타(기타)/개인/비거주</DDTEXT>
    </DD07V>
    <DD07V>
     <DOMNAME>ZD_TAX_SECTION</DOMNAME>
     <VALPOS>0015</VALPOS>
     <DDLANGUAGE>3</DDLANGUAGE>
     <DOMVALUE_L>A040</DOMVALUE_L>
     <DDTEXT>연금저축,소기업소상공인 공제부금 해지소득/개인/거주</DDTEXT>
    </DD07V>
    <DD07V>
     <DOMNAME>ZD_TAX_SECTION</DOMNAME>
     <VALPOS>0016</VALPOS>
     <DDLANGUAGE>3</DDLANGUAGE>
     <DOMVALUE_L>A041</DOMVALUE_L>
     <DDTEXT>서화, 골동품 양도소득/개인/거주</DDTEXT>
    </DD07V>
    <DD07V>
     <DOMNAME>ZD_TAX_SECTION</DOMNAME>
     <VALPOS>0017</VALPOS>
     <DDLANGUAGE>3</DDLANGUAGE>
     <DOMVALUE_L>A013</DOMVALUE_L>
     <DDTEXT>비과세소득/개인/거주</DDTEXT>
    </DD07V>
    <DD07V>
     <DOMNAME>ZD_TAX_SECTION</DOMNAME>
     <VALPOS>0018</VALPOS>
     <DDLANGUAGE>3</DDLANGUAGE>
     <DOMVALUE_L>A113</DOMVALUE_L>
     <DDTEXT>비과세소득/개인/비거주</DDTEXT>
    </DD07V>
    <DD07V>
     <DOMNAME>ZD_TAX_SECTION</DOMNAME>
     <VALPOS>0019</VALPOS>
     <DDLANGUAGE>3</DDLANGUAGE>
     <DOMVALUE_L>A213</DOMVALUE_L>
     <DDTEXT>비과세소득/법인/비거주</DDTEXT>
    </DD07V>
    <DD07V>
     <DOMNAME>ZD_TAX_SECTION</DOMNAME>
     <VALPOS>0020</VALPOS>
     <DDLANGUAGE>3</DDLANGUAGE>
     <DOMVALUE_L>A015</DOMVALUE_L>
     <DDTEXT>분리과세소득/개인/거주</DDTEXT>
    </DD07V>
    <DD07V>
     <DOMNAME>ZD_TAX_SECTION</DOMNAME>
     <VALPOS>0021</VALPOS>
     <DDLANGUAGE>3</DDLANGUAGE>
     <DOMVALUE_L>A115</DOMVALUE_L>
     <DDTEXT>분리과세소득/개인/비거주</DDTEXT>
    </DD07V>
    <DD07V>
     <DOMNAME>ZD_TAX_SECTION</DOMNAME>
     <VALPOS>0022</VALPOS>
     <DDLANGUAGE>3</DDLANGUAGE>
     <DOMVALUE_L>A215</DOMVALUE_L>
     <DDTEXT>분리과세소득/법인/비거주</DDTEXT>
    </DD07V>
    <DD07V>
     <DOMNAME>ZD_TAX_SECTION</DOMNAME>
     <VALPOS>0023</VALPOS>
     <DDLANGUAGE>3</DDLANGUAGE>
     <DOMVALUE_L>A050</DOMVALUE_L>
     <DDTEXT>공익 및 대회 상금/개인/거주</DDTEXT>
    </DD07V>
    <DD07V>
     <DOMNAME>ZD_TAX_SECTION</DOMNAME>
     <VALPOS>0024</VALPOS>
     <DDLANGUAGE>3</DDLANGUAGE>
     <DOMVALUE_L>A060</DOMVALUE_L>
     <DDTEXT>광업권 등/개인/거주</DDTEXT>
    </DD07V>
    <DD07V>
     <DOMNAME>ZD_TAX_SECTION</DOMNAME>
     <VALPOS>0025</VALPOS>
     <DDLANGUAGE>3</DDLANGUAGE>
     <DOMVALUE_L>A070</DOMVALUE_L>
     <DDTEXT>지역권 등/개인/거주</DDTEXT>
    </DD07V>
    <DD07V>
     <DOMNAME>ZD_TAX_SECTION</DOMNAME>
     <VALPOS>0026</VALPOS>
     <DDLANGUAGE>3</DDLANGUAGE>
     <DOMVALUE_L>A080</DOMVALUE_L>
     <DDTEXT>주택입주지체상금/개인/거주</DDTEXT>
    </DD07V>
    <DD07V>
     <DOMNAME>ZD_TAX_SECTION</DOMNAME>
     <VALPOS>0027</VALPOS>
     <DDLANGUAGE>3</DDLANGUAGE>
     <DOMVALUE_L>A090</DOMVALUE_L>
     <DDTEXT>원고료등(문예창작)/개인/거주</DDTEXT>
    </DD07V>
    <DD07V>
     <DOMNAME>ZD_TAX_SECTION</DOMNAME>
     <VALPOS>0028</VALPOS>
     <DDLANGUAGE>3</DDLANGUAGE>
     <DOMVALUE_L>A100</DOMVALUE_L>
     <DDTEXT>강연료등(인적용역)/개인/거주</DDTEXT>
    </DD07V>
   </DD07V_TAB>
  </asx:values>
 </asx:abap>
</abapGit>
