﻿<?xml version="1.0" encoding="utf-8"?>
<abapGit version="v1.0.0" serializer="LCL_OBJECT_DOMA" serializer_version="v1.0.0">
 <asx:abap xmlns:asx="http://www.sap.com/abapxml" version="1.0">
  <asx:values>
   <DD01V>
    <DOMNAME>ZD_TAX_GUBUN</DOMNAME>
    <DDLANGUAGE>3</DDLANGUAGE>
    <DATATYPE>CHAR</DATATYPE>
    <LENG>000001</LENG>
    <OUTPUTLEN>000001</OUTPUTLEN>
    <VALEXI>X</VALEXI>
    <DDTEXT>과세구분</DDTEXT>
   </DD01V>
   <DD07V_TAB>
    <DD07V>
     <DOMNAME>ZD_TAX_GUBUN</DOMNAME>
     <VALPOS>0001</VALPOS>
     <DDLANGUAGE>3</DDLANGUAGE>
     <DOMVALUE_L>E</DOMVALUE_L>
     <DDTEXT>[개인] 비과세, 면제</DDTEXT>
    </DD07V>
    <DD07V>
     <DOMNAME>ZD_TAX_GUBUN</DOMNAME>
     <VALPOS>0002</VALPOS>
     <DDLANGUAGE>3</DDLANGUAGE>
     <DOMVALUE_L>L</DOMVALUE_L>
     <DDTEXT>[개인-분리과세] 저율과세 (&lt;14%)</DDTEXT>
    </DD07V>
    <DD07V>
     <DOMNAME>ZD_TAX_GUBUN</DOMNAME>
     <VALPOS>0003</VALPOS>
     <DDLANGUAGE>3</DDLANGUAGE>
     <DOMVALUE_L>H</DOMVALUE_L>
     <DDTEXT>[개인-분리과세] 고율과세 (&gt;14%)</DDTEXT>
    </DD07V>
    <DD07V>
     <DOMNAME>ZD_TAX_GUBUN</DOMNAME>
     <VALPOS>0004</VALPOS>
     <DDLANGUAGE>3</DDLANGUAGE>
     <DOMVALUE_L>R</DOMVALUE_L>
     <DDTEXT>[개인-분리과세] 비실명</DDTEXT>
    </DD07V>
    <DD07V>
     <DOMNAME>ZD_TAX_GUBUN</DOMNAME>
     <VALPOS>0005</VALPOS>
     <DDLANGUAGE>3</DDLANGUAGE>
     <DOMVALUE_L>O</DOMVALUE_L>
     <DDTEXT>[개인-분리과세] 일반세율 (14%)</DDTEXT>
    </DD07V>
    <DD07V>
     <DOMNAME>ZD_TAX_GUBUN</DOMNAME>
     <VALPOS>0006</VALPOS>
     <DDLANGUAGE>3</DDLANGUAGE>
     <DOMVALUE_L>B</DOMVALUE_L>
     <DDTEXT>[개인-분리과세] 기본세율 (6~38%)</DDTEXT>
    </DD07V>
    <DD07V>
     <DOMNAME>ZD_TAX_GUBUN</DOMNAME>
     <VALPOS>0007</VALPOS>
     <DDLANGUAGE>3</DDLANGUAGE>
     <DOMVALUE_L>T</DOMVALUE_L>
     <DDTEXT>[개인-종합과세] 일반과세</DDTEXT>
    </DD07V>
    <DD07V>
     <DOMNAME>ZD_TAX_GUBUN</DOMNAME>
     <VALPOS>0008</VALPOS>
     <DDLANGUAGE>3</DDLANGUAGE>
     <DOMVALUE_L>G</DOMVALUE_L>
     <DDTEXT>[개인-종합과세] 일반과세 (Gross-Up)</DDTEXT>
    </DD07V>
    <DD07V>
     <DOMNAME>ZD_TAX_GUBUN</DOMNAME>
     <VALPOS>0009</VALPOS>
     <DDLANGUAGE>3</DDLANGUAGE>
     <DOMVALUE_L>C</DOMVALUE_L>
     <DDTEXT>[법인] 원천징수대상소득 (소액부징수 포함)</DDTEXT>
    </DD07V>
    <DD07V>
     <DOMNAME>ZD_TAX_GUBUN</DOMNAME>
     <VALPOS>0010</VALPOS>
     <DDLANGUAGE>3</DDLANGUAGE>
     <DOMVALUE_L>X</DOMVALUE_L>
     <DDTEXT>[법인-원천징수대상 외의 소득] 비과세, 면제</DDTEXT>
    </DD07V>
    <DD07V>
     <DOMNAME>ZD_TAX_GUBUN</DOMNAME>
     <VALPOS>0011</VALPOS>
     <DDLANGUAGE>3</DDLANGUAGE>
     <DOMVALUE_L>F</DOMVALUE_L>
     <DDTEXT>[법인-원천징수대상 외의 소득] 투자신탁재산 귀속 소득</DDTEXT>
    </DD07V>
    <DD07V>
     <DOMNAME>ZD_TAX_GUBUN</DOMNAME>
     <VALPOS>0012</VALPOS>
     <DDLANGUAGE>3</DDLANGUAGE>
     <DOMVALUE_L>I</DOMVALUE_L>
     <DDTEXT>[법인-원천징수대상 외의 소득] 신탁재산 귀속 소득</DDTEXT>
    </DD07V>
    <DD07V>
     <DOMNAME>ZD_TAX_GUBUN</DOMNAME>
     <VALPOS>0013</VALPOS>
     <DDLANGUAGE>3</DDLANGUAGE>
     <DOMVALUE_L>W</DOMVALUE_L>
     <DDTEXT>[법인-원천징수대상 외의 소득] 그 밖의 원천징수대상 외의 소득</DDTEXT>
    </DD07V>
    <DD07V>
     <DOMNAME>ZD_TAX_GUBUN</DOMNAME>
     <VALPOS>0014</VALPOS>
     <DDLANGUAGE>3</DDLANGUAGE>
     <DOMVALUE_L>N</DOMVALUE_L>
     <DDTEXT>과세제외 (「소득세법」상 미열거 소득 / 법인세 납세의무 없는 법인 소득)</DDTEXT>
    </DD07V>
   </DD07V_TAB>
  </asx:values>
 </asx:abap>
</abapGit>
