﻿<?xml version="1.0" encoding="utf-8"?>
<abapGit version="v1.0.0" serializer="LCL_OBJECT_DOMA" serializer_version="v1.0.0">
 <asx:abap xmlns:asx="http://www.sap.com/abapxml" version="1.0">
  <asx:values>
   <DD01V>
    <DOMNAME>ZD_TR_GBN_CD</DOMNAME>
    <DDLANGUAGE>3</DDLANGUAGE>
    <DATATYPE>CHAR</DATATYPE>
    <LENG>000003</LENG>
    <OUTPUTLEN>000003</OUTPUTLEN>
    <VALEXI>X</VALEXI>
    <DDTEXT>거래구분코드</DDTEXT>
   </DD01V>
   <DD07V_TAB>
    <DD07V>
     <DOMNAME>ZD_TR_GBN_CD</DOMNAME>
     <VALPOS>0001</VALPOS>
     <DDLANGUAGE>3</DDLANGUAGE>
     <DOMVALUE_L>10</DOMVALUE_L>
     <DDTEXT>입금대기</DDTEXT>
    </DD07V>
    <DD07V>
     <DOMNAME>ZD_TR_GBN_CD</DOMNAME>
     <VALPOS>0002</VALPOS>
     <DDLANGUAGE>3</DDLANGUAGE>
     <DOMVALUE_L>11</DOMVALUE_L>
     <DDTEXT>입금완료</DDTEXT>
    </DD07V>
    <DD07V>
     <DOMNAME>ZD_TR_GBN_CD</DOMNAME>
     <VALPOS>0003</VALPOS>
     <DDLANGUAGE>3</DDLANGUAGE>
     <DOMVALUE_L>12</DOMVALUE_L>
     <DDTEXT>입금오류</DDTEXT>
    </DD07V>
    <DD07V>
     <DOMNAME>ZD_TR_GBN_CD</DOMNAME>
     <VALPOS>0004</VALPOS>
     <DDLANGUAGE>3</DDLANGUAGE>
     <DOMVALUE_L>13</DOMVALUE_L>
     <DDTEXT>입금취소</DDTEXT>
    </DD07V>
    <DD07V>
     <DOMNAME>ZD_TR_GBN_CD</DOMNAME>
     <VALPOS>0005</VALPOS>
     <DDLANGUAGE>3</DDLANGUAGE>
     <DOMVALUE_L>20</DOMVALUE_L>
     <DDTEXT>출금대기</DDTEXT>
    </DD07V>
    <DD07V>
     <DOMNAME>ZD_TR_GBN_CD</DOMNAME>
     <VALPOS>0006</VALPOS>
     <DDLANGUAGE>3</DDLANGUAGE>
     <DOMVALUE_L>21</DOMVALUE_L>
     <DDTEXT>출금완료</DDTEXT>
    </DD07V>
    <DD07V>
     <DOMNAME>ZD_TR_GBN_CD</DOMNAME>
     <VALPOS>0007</VALPOS>
     <DDLANGUAGE>3</DDLANGUAGE>
     <DOMVALUE_L>22</DOMVALUE_L>
     <DDTEXT>출금오류</DDTEXT>
    </DD07V>
    <DD07V>
     <DOMNAME>ZD_TR_GBN_CD</DOMNAME>
     <VALPOS>0008</VALPOS>
     <DDLANGUAGE>3</DDLANGUAGE>
     <DOMVALUE_L>23</DOMVALUE_L>
     <DDTEXT>출금취소</DDTEXT>
    </DD07V>
    <DD07V>
     <DOMNAME>ZD_TR_GBN_CD</DOMNAME>
     <VALPOS>0009</VALPOS>
     <DDLANGUAGE>3</DDLANGUAGE>
     <DOMVALUE_L>99</DOMVALUE_L>
     <DDTEXT>기타</DDTEXT>
    </DD07V>
   </DD07V_TAB>
  </asx:values>
 </asx:abap>
</abapGit>
