﻿<?xml version="1.0" encoding="utf-8"?>
<abapGit version="v1.0.0" serializer="LCL_OBJECT_DOMA" serializer_version="v1.0.0">
 <asx:abap xmlns:asx="http://www.sap.com/abapxml" version="1.0">
  <asx:values>
   <DD01V>
    <DOMNAME>ZD_TAX_CODE</DOMNAME>
    <DDLANGUAGE>3</DDLANGUAGE>
    <DATATYPE>CHAR</DATATYPE>
    <LENG>000002</LENG>
    <OUTPUTLEN>000002</OUTPUTLEN>
    <VALEXI>X</VALEXI>
    <DDTEXT>소득구분코드1</DDTEXT>
   </DD01V>
   <DD07V_TAB>
    <DD07V>
     <DOMNAME>ZD_TAX_CODE</DOMNAME>
     <VALPOS>0001</VALPOS>
     <DDLANGUAGE>3</DDLANGUAGE>
     <DOMVALUE_L>40</DOMVALUE_L>
     <DDTEXT>사업</DDTEXT>
    </DD07V>
    <DD07V>
     <DOMNAME>ZD_TAX_CODE</DOMNAME>
     <VALPOS>0002</VALPOS>
     <DDLANGUAGE>3</DDLANGUAGE>
     <DOMVALUE_L>42</DOMVALUE_L>
     <DDTEXT>인적용역</DDTEXT>
    </DD07V>
    <DD07V>
     <DOMNAME>ZD_TAX_CODE</DOMNAME>
     <VALPOS>0003</VALPOS>
     <DDLANGUAGE>3</DDLANGUAGE>
     <DOMVALUE_L>60</DOMVALUE_L>
     <DDTEXT>필요경비없는 기타소득(일반상금)</DDTEXT>
    </DD07V>
    <DD07V>
     <DOMNAME>ZD_TAX_CODE</DOMNAME>
     <VALPOS>0004</VALPOS>
     <DDLANGUAGE>3</DDLANGUAGE>
     <DOMVALUE_L>61</DOMVALUE_L>
     <DDTEXT>사용료</DDTEXT>
    </DD07V>
    <DD07V>
     <DOMNAME>ZD_TAX_CODE</DOMNAME>
     <VALPOS>0005</VALPOS>
     <DDLANGUAGE>3</DDLANGUAGE>
     <DOMVALUE_L>62</DOMVALUE_L>
     <DDTEXT>기타 필요경비 발생소득</DDTEXT>
    </DD07V>
    <DD07V>
     <DOMNAME>ZD_TAX_CODE</DOMNAME>
     <VALPOS>0006</VALPOS>
     <DDLANGUAGE>3</DDLANGUAGE>
     <DOMVALUE_L>63</DOMVALUE_L>
     <DDTEXT>연금저축,소기업소상공인 공제부금 해지소득</DDTEXT>
    </DD07V>
    <DD07V>
     <DOMNAME>ZD_TAX_CODE</DOMNAME>
     <VALPOS>0007</VALPOS>
     <DDLANGUAGE>3</DDLANGUAGE>
     <DOMVALUE_L>64</DOMVALUE_L>
     <DDTEXT>서화, 골동품 양도소득</DDTEXT>
    </DD07V>
    <DD07V>
     <DOMNAME>ZD_TAX_CODE</DOMNAME>
     <VALPOS>0008</VALPOS>
     <DDLANGUAGE>3</DDLANGUAGE>
     <DOMVALUE_L>68</DOMVALUE_L>
     <DDTEXT>비과세소득</DDTEXT>
    </DD07V>
    <DD07V>
     <DOMNAME>ZD_TAX_CODE</DOMNAME>
     <VALPOS>0009</VALPOS>
     <DDLANGUAGE>3</DDLANGUAGE>
     <DOMVALUE_L>69</DOMVALUE_L>
     <DDTEXT>분리과세소득</DDTEXT>
    </DD07V>
    <DD07V>
     <DOMNAME>ZD_TAX_CODE</DOMNAME>
     <VALPOS>0010</VALPOS>
     <DDLANGUAGE>3</DDLANGUAGE>
     <DOMVALUE_L>71</DOMVALUE_L>
     <DDTEXT>공익 및 대회 상금</DDTEXT>
    </DD07V>
    <DD07V>
     <DOMNAME>ZD_TAX_CODE</DOMNAME>
     <VALPOS>0011</VALPOS>
     <DDLANGUAGE>3</DDLANGUAGE>
     <DOMVALUE_L>72</DOMVALUE_L>
     <DDTEXT>광업권 등</DDTEXT>
    </DD07V>
    <DD07V>
     <DOMNAME>ZD_TAX_CODE</DOMNAME>
     <VALPOS>0012</VALPOS>
     <DDLANGUAGE>3</DDLANGUAGE>
     <DOMVALUE_L>73</DOMVALUE_L>
     <DDTEXT>지역권 등</DDTEXT>
    </DD07V>
    <DD07V>
     <DOMNAME>ZD_TAX_CODE</DOMNAME>
     <VALPOS>0013</VALPOS>
     <DDLANGUAGE>3</DDLANGUAGE>
     <DOMVALUE_L>74</DOMVALUE_L>
     <DDTEXT>주택입주지체상금</DDTEXT>
    </DD07V>
    <DD07V>
     <DOMNAME>ZD_TAX_CODE</DOMNAME>
     <VALPOS>0014</VALPOS>
     <DDLANGUAGE>3</DDLANGUAGE>
     <DOMVALUE_L>75</DOMVALUE_L>
     <DDTEXT>원고료등(문예창작)</DDTEXT>
    </DD07V>
    <DD07V>
     <DOMNAME>ZD_TAX_CODE</DOMNAME>
     <VALPOS>0015</VALPOS>
     <DDLANGUAGE>3</DDLANGUAGE>
     <DOMVALUE_L>76</DOMVALUE_L>
     <DDTEXT>강연료등(인적용역)</DDTEXT>
    </DD07V>
   </DD07V_TAB>
  </asx:values>
 </asx:abap>
</abapGit>
