﻿<?xml version="1.0" encoding="utf-8"?>
<abapGit version="v1.0.0" serializer="LCL_OBJECT_DOMA" serializer_version="v1.0.0">
 <asx:abap xmlns:asx="http://www.sap.com/abapxml" version="1.0">
  <asx:values>
   <DD01V>
    <DOMNAME>ZD_TAX_TYPE</DOMNAME>
    <DDLANGUAGE>3</DDLANGUAGE>
    <DATATYPE>CHAR</DATATYPE>
    <LENG>000004</LENG>
    <OUTPUTLEN>000004</OUTPUTLEN>
    <VALEXI>X</VALEXI>
    <DDTEXT>과세유형</DDTEXT>
   </DD01V>
   <DD07V_TAB>
    <DD07V>
     <DOMNAME>ZD_TAX_TYPE</DOMNAME>
     <VALPOS>0001</VALPOS>
     <DDLANGUAGE>3</DDLANGUAGE>
     <DOMVALUE_L>1001</DOMVALUE_L>
     <DDTEXT>부가가치세 일반과세자</DDTEXT>
    </DD07V>
    <DD07V>
     <DOMNAME>ZD_TAX_TYPE</DOMNAME>
     <VALPOS>0002</VALPOS>
     <DDLANGUAGE>3</DDLANGUAGE>
     <DOMVALUE_L>1002</DOMVALUE_L>
     <DDTEXT>부가가치세 간이과세자</DDTEXT>
    </DD07V>
    <DD07V>
     <DOMNAME>ZD_TAX_TYPE</DOMNAME>
     <VALPOS>0003</VALPOS>
     <DDLANGUAGE>3</DDLANGUAGE>
     <DOMVALUE_L>1003</DOMVALUE_L>
     <DDTEXT>부가가치세 면세사업자</DDTEXT>
    </DD07V>
    <DD07V>
     <DOMNAME>ZD_TAX_TYPE</DOMNAME>
     <VALPOS>0004</VALPOS>
     <DDLANGUAGE>3</DDLANGUAGE>
     <DOMVALUE_L>1004</DOMVALUE_L>
     <DDTEXT>수익사업을 영위하지않는 비영리법인이거나 고유번호가 부여된 단체·국가기관등</DDTEXT>
    </DD07V>
    <DD07V>
     <DOMNAME>ZD_TAX_TYPE</DOMNAME>
     <VALPOS>0005</VALPOS>
     <DDLANGUAGE>3</DDLANGUAGE>
     <DOMVALUE_L>1005</DOMVALUE_L>
     <DDTEXT>휴업자</DDTEXT>
    </DD07V>
    <DD07V>
     <DOMNAME>ZD_TAX_TYPE</DOMNAME>
     <VALPOS>0006</VALPOS>
     <DDLANGUAGE>3</DDLANGUAGE>
     <DOMVALUE_L>1006</DOMVALUE_L>
     <DDTEXT>미등록 사업자번호</DDTEXT>
    </DD07V>
    <DD07V>
     <DOMNAME>ZD_TAX_TYPE</DOMNAME>
     <VALPOS>0007</VALPOS>
     <DDLANGUAGE>3</DDLANGUAGE>
     <DOMVALUE_L>1007</DOMVALUE_L>
     <DDTEXT>폐업자</DDTEXT>
    </DD07V>
    <DD07V>
     <DOMNAME>ZD_TAX_TYPE</DOMNAME>
     <VALPOS>0008</VALPOS>
     <DDLANGUAGE>3</DDLANGUAGE>
     <DOMVALUE_L>2001</DOMVALUE_L>
     <DDTEXT>해외사용분</DDTEXT>
    </DD07V>
   </DD07V_TAB>
  </asx:values>
 </asx:abap>
</abapGit>
