﻿<?xml version="1.0" encoding="utf-8"?>
<abapGit version="v1.0.0" serializer="LCL_OBJECT_DOMA" serializer_version="v1.0.0">
 <asx:abap xmlns:asx="http://www.sap.com/abapxml" version="1.0">
  <asx:values>
   <DD01V>
    <DOMNAME>ZD_VAT188</DOMNAME>
    <DDLANGUAGE>3</DDLANGUAGE>
    <DATATYPE>NUMC</DATATYPE>
    <LENG>000001</LENG>
    <OUTPUTLEN>000001</OUTPUTLEN>
    <DDTEXT>사업자등록번호발행분매출(수입)금액음수표시</DDTEXT>
   </DD01V>
  </asx:values>
 </asx:abap>
</abapGit>
