﻿<?xml version="1.0" encoding="utf-8"?>
<abapGit version="v1.0.0" serializer="LCL_OBJECT_DOMA" serializer_version="v1.0.0">
 <asx:abap xmlns:asx="http://www.sap.com/abapxml" version="1.0">
  <asx:values>
   <DD01V>
    <DOMNAME>ZDDMBTR</DOMNAME>
    <DDLANGUAGE>3</DDLANGUAGE>
    <DATATYPE>CURR</DATATYPE>
    <LENG>000023</LENG>
    <OUTPUTLEN>000030</OUTPUTLEN>
    <DECIMALS>000002</DECIMALS>
    <SIGNFLAG>X</SIGNFLAG>
    <CONVEXIT>AU132</CONVEXIT>
    <DDTEXT>Target length CURR(23,2) Output 30 [SAP INTERNAL]</DDTEXT>
   </DD01V>
   <I18N_LANGS>
    <LANGU>E</LANGU>
   </I18N_LANGS>
   <DD01_TEXTS>
    <item>
     <DDLANGUAGE>E</DDLANGUAGE>
     <DDTEXT>Target length CURR(23,2) Output 30 [SAP INTERNAL]</DDTEXT>
    </item>
   </DD01_TEXTS>
  </asx:values>
 </asx:abap>
</abapGit>
