﻿<?xml version="1.0" encoding="utf-8"?>
<abapGit version="v1.0.0" serializer="LCL_OBJECT_DTEL" serializer_version="v1.0.0">
 <asx:abap xmlns:asx="http://www.sap.com/abapxml" version="1.0">
  <asx:values>
   <DD04V>
    <ROLLNAME>ZE_ACQU_TOT</ROLLNAME>
    <DDLANGUAGE>3</DDLANGUAGE>
    <DOMNAME>WERTV12</DOMNAME>
    <HEADLEN>14</HEADLEN>
    <SCRLEN1>08</SCRLEN1>
    <SCRLEN2>14</SCRLEN2>
    <SCRLEN3>14</SCRLEN3>
    <DDTEXT>[FI] 매입(취소)원금[원화환산]</DDTEXT>
    <REPTEXT>매입(취소)원금[원화환산]</REPTEXT>
    <SCRTEXT_S>매입원금[원화]</SCRTEXT_S>
    <SCRTEXT_M>매입(취소)원금[원화환산]</SCRTEXT_M>
    <SCRTEXT_L>매입(취소)원금[원화환산]</SCRTEXT_L>
    <DTELMASTER>3</DTELMASTER>
    <REFKIND>D</REFKIND>
   </DD04V>
  </asx:values>
 </asx:abap>
</abapGit>
