﻿<?xml version="1.0" encoding="utf-8"?>
<abapGit version="v1.0.0" serializer="LCL_OBJECT_DTEL" serializer_version="v1.0.0">
 <asx:abap xmlns:asx="http://www.sap.com/abapxml" version="1.0">
  <asx:values>
   <DD04V>
    <ROLLNAME>ZE_AMT_TT_D</ROLLNAME>
    <DDLANGUAGE>3</DDLANGUAGE>
    <DOMNAME>WERT7</DOMNAME>
    <HEADLEN>16</HEADLEN>
    <SCRLEN1>10</SCRLEN1>
    <SCRLEN2>20</SCRLEN2>
    <SCRLEN3>40</SCRLEN3>
    <DDTEXT>총금액(전표통화)</DDTEXT>
    <REPTEXT>총금액(전표통화)</REPTEXT>
    <SCRTEXT_S>총금액(전표통화)</SCRTEXT_S>
    <SCRTEXT_M>총금액(전표통화)</SCRTEXT_M>
    <SCRTEXT_L>총금액(전표통화)</SCRTEXT_L>
    <DTELMASTER>3</DTELMASTER>
    <REFKIND>D</REFKIND>
   </DD04V>
  </asx:values>
 </asx:abap>
</abapGit>
