﻿<?xml version="1.0" encoding="utf-8"?>
<abapGit version="v1.0.0" serializer="LCL_OBJECT_DTEL" serializer_version="v1.0.0">
 <asx:abap xmlns:asx="http://www.sap.com/abapxml" version="1.0">
  <asx:values>
   <DD04V>
    <ROLLNAME>ZE_AMT</ROLLNAME>
    <DDLANGUAGE>3</DDLANGUAGE>
    <HEADLEN>24</HEADLEN>
    <SCRLEN1>10</SCRLEN1>
    <SCRLEN2>20</SCRLEN2>
    <SCRLEN3>40</SCRLEN3>
    <DDTEXT>[FI] 입금금액</DDTEXT>
    <REPTEXT>입금금액</REPTEXT>
    <SCRTEXT_S>입금금액</SCRTEXT_S>
    <SCRTEXT_M>입금금액</SCRTEXT_M>
    <SCRTEXT_L>입금금액</SCRTEXT_L>
    <DTELMASTER>3</DTELMASTER>
    <DATATYPE>CURR</DATATYPE>
    <LENG>000020</LENG>
    <DECIMALS>000002</DECIMALS>
    <OUTPUTLEN>000026</OUTPUTLEN>
   </DD04V>
  </asx:values>
 </asx:abap>
</abapGit>
