﻿<?xml version="1.0" encoding="utf-8"?>
<abapGit version="v1.0.0" serializer="LCL_OBJECT_DTEL" serializer_version="v1.0.0">
 <asx:abap xmlns:asx="http://www.sap.com/abapxml" version="1.0">
  <asx:values>
   <DD04V>
    <ROLLNAME>ZE_APPR_BUY_AMT_FXCC</ROLLNAME>
    <DDLANGUAGE>3</DDLANGUAGE>
    <DOMNAME>WERTV12</DOMNAME>
    <HEADLEN>06</HEADLEN>
    <SCRLEN1>06</SCRLEN1>
    <SCRLEN2>06</SCRLEN2>
    <SCRLEN3>06</SCRLEN3>
    <DDTEXT>[FI] 외화현지금액</DDTEXT>
    <REPTEXT>외화현지금액</REPTEXT>
    <SCRTEXT_S>외화현지금액</SCRTEXT_S>
    <SCRTEXT_M>외화현지금액</SCRTEXT_M>
    <SCRTEXT_L>외화현지금액</SCRTEXT_L>
    <DTELMASTER>3</DTELMASTER>
    <REFKIND>D</REFKIND>
   </DD04V>
  </asx:values>
 </asx:abap>
</abapGit>
