﻿<?xml version="1.0" encoding="utf-8"?>
<abapGit version="v1.0.0" serializer="LCL_OBJECT_DTEL" serializer_version="v1.0.0">
 <asx:abap xmlns:asx="http://www.sap.com/abapxml" version="1.0">
  <asx:values>
   <DD04V>
    <ROLLNAME>ZE_AMT_MON</ROLLNAME>
    <DDLANGUAGE>3</DDLANGUAGE>
    <DOMNAME>WERT7</DOMNAME>
    <HEADLEN>55</HEADLEN>
    <SCRLEN1>10</SCRLEN1>
    <SCRLEN2>20</SCRLEN2>
    <SCRLEN3>40</SCRLEN3>
    <DDTEXT>정산금액(원화)</DDTEXT>
    <REPTEXT>정산금액(원화)</REPTEXT>
    <SCRTEXT_S>정산금액(원화)</SCRTEXT_S>
    <SCRTEXT_M>정산금액(원화)</SCRTEXT_M>
    <SCRTEXT_L>정산금액(원화)</SCRTEXT_L>
    <DTELMASTER>3</DTELMASTER>
    <REFKIND>D</REFKIND>
   </DD04V>
  </asx:values>
 </asx:abap>
</abapGit>
