﻿<?xml version="1.0" encoding="utf-8"?>
<abapGit version="v1.0.0" serializer="LCL_OBJECT_DTEL" serializer_version="v1.0.0">
 <asx:abap xmlns:asx="http://www.sap.com/abapxml" version="1.0">
  <asx:values>
   <DD04V>
    <ROLLNAME>ZE_APPR_BUY_AMT</ROLLNAME>
    <DDLANGUAGE>3</DDLANGUAGE>
    <DOMNAME>WERTV12</DOMNAME>
    <HEADLEN>08</HEADLEN>
    <SCRLEN1>08</SCRLEN1>
    <SCRLEN2>08</SCRLEN2>
    <SCRLEN3>08</SCRLEN3>
    <DDTEXT>[FI] 매입금액(원화)</DDTEXT>
    <REPTEXT>매입금액(원화)</REPTEXT>
    <SCRTEXT_S>매입금액(원화)</SCRTEXT_S>
    <SCRTEXT_M>매입금액(원화)</SCRTEXT_M>
    <SCRTEXT_L>매입금액(원화)</SCRTEXT_L>
    <DTELMASTER>3</DTELMASTER>
    <REFKIND>D</REFKIND>
   </DD04V>
  </asx:values>
 </asx:abap>
</abapGit>
