﻿<?xml version="1.0" encoding="utf-8"?>
<abapGit version="v1.0.0" serializer="LCL_OBJECT_DTEL" serializer_version="v1.0.0">
 <asx:abap xmlns:asx="http://www.sap.com/abapxml" version="1.0">
  <asx:values>
   <DD04V>
    <ROLLNAME>ZE_BIL_WORK_DATE</ROLLNAME>
    <DDLANGUAGE>3</DDLANGUAGE>
    <HEADLEN>09</HEADLEN>
    <SCRLEN1>09</SCRLEN1>
    <SCRLEN2>09</SCRLEN2>
    <SCRLEN3>09</SCRLEN3>
    <DDTEXT>[FI] 청구내역 작업일자</DDTEXT>
    <REPTEXT>청구내역 작업일자</REPTEXT>
    <SCRTEXT_S>청구내역 작업일자</SCRTEXT_S>
    <SCRTEXT_M>청구내역 작업일자</SCRTEXT_M>
    <SCRTEXT_L>청구내역 작업일자</SCRTEXT_L>
    <DTELMASTER>3</DTELMASTER>
    <DATATYPE>CHAR</DATATYPE>
    <LENG>000010</LENG>
    <OUTPUTLEN>000010</OUTPUTLEN>
   </DD04V>
  </asx:values>
 </asx:abap>
</abapGit>
