﻿<?xml version="1.0" encoding="utf-8"?>
<abapGit version="v1.0.0" serializer="LCL_OBJECT_DTEL" serializer_version="v1.0.0">
 <asx:abap xmlns:asx="http://www.sap.com/abapxml" version="1.0">
  <asx:values>
   <DD04V>
    <ROLLNAME>ZE_BIZCODE</ROLLNAME>
    <DDLANGUAGE>3</DDLANGUAGE>
    <HEADLEN>06</HEADLEN>
    <SCRLEN1>10</SCRLEN1>
    <SCRLEN2>20</SCRLEN2>
    <SCRLEN3>40</SCRLEN3>
    <DDTEXT>업종코드</DDTEXT>
    <REPTEXT>업종코드</REPTEXT>
    <SCRTEXT_S>업종코드</SCRTEXT_S>
    <SCRTEXT_M>업종코드</SCRTEXT_M>
    <SCRTEXT_L>업종코드</SCRTEXT_L>
    <DTELMASTER>3</DTELMASTER>
    <DATATYPE>CHAR</DATATYPE>
    <LENG>000006</LENG>
    <OUTPUTLEN>000006</OUTPUTLEN>
   </DD04V>
  </asx:values>
 </asx:abap>
</abapGit>
