﻿<?xml version="1.0" encoding="utf-8"?>
<abapGit version="v1.0.0" serializer="LCL_OBJECT_DTEL" serializer_version="v1.0.0">
 <asx:abap xmlns:asx="http://www.sap.com/abapxml" version="1.0">
  <asx:values>
   <DD04V>
    <ROLLNAME>ZE_BILL_YYYYMM</ROLLNAME>
    <DDLANGUAGE>3</DDLANGUAGE>
    <HEADLEN>04</HEADLEN>
    <SCRLEN1>04</SCRLEN1>
    <SCRLEN2>04</SCRLEN2>
    <SCRLEN3>04</SCRLEN3>
    <DDTEXT>[FI] 청구년월</DDTEXT>
    <REPTEXT>청구년월</REPTEXT>
    <SCRTEXT_S>청구년월</SCRTEXT_S>
    <SCRTEXT_M>청구년월</SCRTEXT_M>
    <SCRTEXT_L>청구년월</SCRTEXT_L>
    <DTELMASTER>3</DTELMASTER>
    <DATATYPE>ACCP</DATATYPE>
    <LENG>000006</LENG>
    <OUTPUTLEN>000006</OUTPUTLEN>
   </DD04V>
  </asx:values>
 </asx:abap>
</abapGit>
