﻿<?xml version="1.0" encoding="utf-8"?>
<abapGit version="v1.0.0" serializer="LCL_OBJECT_DTEL" serializer_version="v1.0.0">
 <asx:abap xmlns:asx="http://www.sap.com/abapxml" version="1.0">
  <asx:values>
   <DD04V>
    <ROLLNAME>ZE_BALANCE_BEFORE</ROLLNAME>
    <DDLANGUAGE>3</DDLANGUAGE>
    <DOMNAME>WERTV12</DOMNAME>
    <HEADLEN>29</HEADLEN>
    <SCRLEN1>10</SCRLEN1>
    <SCRLEN2>20</SCRLEN2>
    <SCRLEN3>40</SCRLEN3>
    <DDTEXT>[FI] 계좌지급가능잔액(이체전)</DDTEXT>
    <REPTEXT>계좌지급가능잔액(이체전)</REPTEXT>
    <SCRTEXT_S>이체전 잔액</SCRTEXT_S>
    <SCRTEXT_M>계좌지급가능잔액(이체전)</SCRTEXT_M>
    <SCRTEXT_L>계좌지급가능잔액(이체전)</SCRTEXT_L>
    <DTELMASTER>3</DTELMASTER>
    <REFKIND>D</REFKIND>
   </DD04V>
  </asx:values>
 </asx:abap>
</abapGit>
