﻿<?xml version="1.0" encoding="utf-8"?>
<abapGit version="v1.0.0" serializer="LCL_OBJECT_DTEL" serializer_version="v1.0.0">
 <asx:abap xmlns:asx="http://www.sap.com/abapxml" version="1.0">
  <asx:values>
   <DD04V>
    <ROLLNAME>ZE_CANCEL_DT</ROLLNAME>
    <DDLANGUAGE>3</DDLANGUAGE>
    <HEADLEN>14</HEADLEN>
    <SCRLEN1>10</SCRLEN1>
    <SCRLEN2>20</SCRLEN2>
    <SCRLEN3>40</SCRLEN3>
    <DDTEXT>[FI] 취소일시(YYYYMMDDHHMISS)</DDTEXT>
    <REPTEXT>취소일시</REPTEXT>
    <SCRTEXT_S>취소일시</SCRTEXT_S>
    <SCRTEXT_M>취소일시</SCRTEXT_M>
    <SCRTEXT_L>취소일시</SCRTEXT_L>
    <DTELMASTER>3</DTELMASTER>
    <DATATYPE>CHAR</DATATYPE>
    <LENG>000014</LENG>
    <OUTPUTLEN>000014</OUTPUTLEN>
   </DD04V>
  </asx:values>
 </asx:abap>
</abapGit>
