﻿<?xml version="1.0" encoding="utf-8"?>
<abapGit version="v1.0.0" serializer="LCL_OBJECT_DTEL" serializer_version="v1.0.0">
 <asx:abap xmlns:asx="http://www.sap.com/abapxml" version="1.0">
  <asx:values>
   <DD04V>
    <ROLLNAME>ZE_CODE1</ROLLNAME>
    <DDLANGUAGE>3</DDLANGUAGE>
    <DOMNAME>CHAR4</DOMNAME>
    <HEADLEN>02</HEADLEN>
    <SCRLEN1>02</SCRLEN1>
    <SCRLEN2>02</SCRLEN2>
    <SCRLEN3>02</SCRLEN3>
    <DDTEXT>코드</DDTEXT>
    <REPTEXT>코드</REPTEXT>
    <SCRTEXT_S>코드</SCRTEXT_S>
    <SCRTEXT_M>코드</SCRTEXT_M>
    <SCRTEXT_L>코드</SCRTEXT_L>
    <DTELMASTER>3</DTELMASTER>
    <REFKIND>D</REFKIND>
   </DD04V>
  </asx:values>
 </asx:abap>
</abapGit>
