﻿<?xml version="1.0" encoding="utf-8"?>
<abapGit version="v1.0.0" serializer="LCL_OBJECT_DTEL" serializer_version="v1.0.0">
 <asx:abap xmlns:asx="http://www.sap.com/abapxml" version="1.0">
  <asx:values>
   <DD04V>
    <ROLLNAME>ZE_CORP_BIZ_NO</ROLLNAME>
    <DDLANGUAGE>3</DDLANGUAGE>
    <HEADLEN>05</HEADLEN>
    <SCRLEN1>05</SCRLEN1>
    <SCRLEN2>05</SCRLEN2>
    <SCRLEN3>05</SCRLEN3>
    <DDTEXT>[FI] 사업자번호</DDTEXT>
    <REPTEXT>사업자번호</REPTEXT>
    <SCRTEXT_S>사업자번호</SCRTEXT_S>
    <SCRTEXT_M>사업자번호</SCRTEXT_M>
    <SCRTEXT_L>사업자번호</SCRTEXT_L>
    <DTELMASTER>3</DTELMASTER>
    <DATATYPE>CHAR</DATATYPE>
    <LENG>000010</LENG>
    <OUTPUTLEN>000010</OUTPUTLEN>
   </DD04V>
  </asx:values>
 </asx:abap>
</abapGit>
