﻿<?xml version="1.0" encoding="utf-8"?>
<abapGit version="v1.0.0" serializer="LCL_OBJECT_DTEL" serializer_version="v1.0.0">
 <asx:abap xmlns:asx="http://www.sap.com/abapxml" version="1.0">
  <asx:values>
   <DD04V>
    <ROLLNAME>ZE_COMP_CNT</ROLLNAME>
    <DDLANGUAGE>3</DDLANGUAGE>
    <HEADLEN>10</HEADLEN>
    <SCRLEN1>04</SCRLEN1>
    <SCRLEN2>10</SCRLEN2>
    <SCRLEN3>10</SCRLEN3>
    <DDTEXT>[FI] 조립건수(매체구분)</DDTEXT>
    <REPTEXT>조립건수(매체구분)</REPTEXT>
    <SCRTEXT_S>조립건수</SCRTEXT_S>
    <SCRTEXT_M>조립건수(매체구분)</SCRTEXT_M>
    <SCRTEXT_L>조립건수(매체구분)</SCRTEXT_L>
    <DTELMASTER>3</DTELMASTER>
    <DATATYPE>CHAR</DATATYPE>
    <LENG>000002</LENG>
    <OUTPUTLEN>000002</OUTPUTLEN>
   </DD04V>
  </asx:values>
 </asx:abap>
</abapGit>
