﻿<?xml version="1.0" encoding="utf-8"?>
<abapGit version="v1.0.0" serializer="LCL_OBJECT_DTEL" serializer_version="v1.0.0">
 <asx:abap xmlns:asx="http://www.sap.com/abapxml" version="1.0">
  <asx:values>
   <DD04V>
    <ROLLNAME>ZE_CARD_USER_NM</ROLLNAME>
    <DDLANGUAGE>3</DDLANGUAGE>
    <HEADLEN>07</HEADLEN>
    <SCRLEN1>07</SCRLEN1>
    <SCRLEN2>07</SCRLEN2>
    <SCRLEN3>07</SCRLEN3>
    <DDTEXT>[FI] 카드실사용자명</DDTEXT>
    <REPTEXT>카드실사용자명</REPTEXT>
    <SCRTEXT_S>카드실사용자명</SCRTEXT_S>
    <SCRTEXT_M>카드실사용자명</SCRTEXT_M>
    <SCRTEXT_L>카드실사용자명</SCRTEXT_L>
    <DTELMASTER>3</DTELMASTER>
    <DATATYPE>CHAR</DATATYPE>
    <LENG>000040</LENG>
    <OUTPUTLEN>000040</OUTPUTLEN>
   </DD04V>
  </asx:values>
 </asx:abap>
</abapGit>
