﻿<?xml version="1.0" encoding="utf-8"?>
<abapGit version="v1.0.0" serializer="LCL_OBJECT_DTEL" serializer_version="v1.0.0">
 <asx:abap xmlns:asx="http://www.sap.com/abapxml" version="1.0">
  <asx:values>
   <DD04V>
    <ROLLNAME>ZE_CUST_NAME</ROLLNAME>
    <DDLANGUAGE>3</DDLANGUAGE>
    <HEADLEN>04</HEADLEN>
    <SCRLEN1>04</SCRLEN1>
    <SCRLEN2>04</SCRLEN2>
    <SCRLEN3>04</SCRLEN3>
    <DDTEXT>[FI] 입금인명</DDTEXT>
    <REPTEXT>입금인명</REPTEXT>
    <SCRTEXT_S>입금인명</SCRTEXT_S>
    <SCRTEXT_M>입금인명</SCRTEXT_M>
    <SCRTEXT_L>입금인명</SCRTEXT_L>
    <DTELMASTER>3</DTELMASTER>
    <DATATYPE>CHAR</DATATYPE>
    <LENG>000014</LENG>
    <OUTPUTLEN>000014</OUTPUTLEN>
   </DD04V>
  </asx:values>
 </asx:abap>
</abapGit>
