﻿<?xml version="1.0" encoding="utf-8"?>
<abapGit version="v1.0.0" serializer="LCL_OBJECT_DTEL" serializer_version="v1.0.0">
 <asx:abap xmlns:asx="http://www.sap.com/abapxml" version="1.0">
  <asx:values>
   <DD04V>
    <ROLLNAME>ZE_CMS_NB</ROLLNAME>
    <DDLANGUAGE>3</DDLANGUAGE>
    <HEADLEN>13</HEADLEN>
    <SCRLEN1>10</SCRLEN1>
    <SCRLEN2>13</SCRLEN2>
    <SCRLEN3>13</SCRLEN3>
    <DDTEXT>[FI] CMS번호(가상계좌번호)</DDTEXT>
    <REPTEXT>CMS번호(가상계좌번호)</REPTEXT>
    <SCRTEXT_S>CMS번호(가상계좌</SCRTEXT_S>
    <SCRTEXT_M>CMS번호(가상계좌번호)</SCRTEXT_M>
    <SCRTEXT_L>CMS번호(가상계좌번호)</SCRTEXT_L>
    <DTELMASTER>3</DTELMASTER>
    <DATATYPE>CHAR</DATATYPE>
    <LENG>000020</LENG>
    <OUTPUTLEN>000020</OUTPUTLEN>
   </DD04V>
  </asx:values>
 </asx:abap>
</abapGit>
