﻿<?xml version="1.0" encoding="utf-8"?>
<abapGit version="v1.0.0" serializer="LCL_OBJECT_DTEL" serializer_version="v1.0.0">
 <asx:abap xmlns:asx="http://www.sap.com/abapxml" version="1.0">
  <asx:values>
   <DD04V>
    <ROLLNAME>ZE_CURR_CODE</ROLLNAME>
    <DDLANGUAGE>3</DDLANGUAGE>
    <HEADLEN>06</HEADLEN>
    <SCRLEN1>06</SCRLEN1>
    <SCRLEN2>06</SCRLEN2>
    <SCRLEN3>06</SCRLEN3>
    <DDTEXT>[FI] 거래통화코드</DDTEXT>
    <REPTEXT>거래통화코드</REPTEXT>
    <SCRTEXT_S>거래통화코드</SCRTEXT_S>
    <SCRTEXT_M>거래통화코드</SCRTEXT_M>
    <SCRTEXT_L>거래통화코드</SCRTEXT_L>
    <DTELMASTER>3</DTELMASTER>
    <DATATYPE>CUKY</DATATYPE>
    <LENG>000005</LENG>
    <OUTPUTLEN>000005</OUTPUTLEN>
   </DD04V>
  </asx:values>
 </asx:abap>
</abapGit>
