﻿<?xml version="1.0" encoding="utf-8"?>
<abapGit version="v1.0.0" serializer="LCL_OBJECT_DTEL" serializer_version="v1.0.0">
 <asx:abap xmlns:asx="http://www.sap.com/abapxml" version="1.0">
  <asx:values>
   <DD04V>
    <ROLLNAME>ZE_CARD_BILL_DAY</ROLLNAME>
    <DDLANGUAGE>3</DDLANGUAGE>
    <DOMNAME>CHAR4</DOMNAME>
    <HEADLEN>08</HEADLEN>
    <SCRLEN1>08</SCRLEN1>
    <SCRLEN2>08</SCRLEN2>
    <SCRLEN3>08</SCRLEN3>
    <DDTEXT>[FI] 청구일(결제일)</DDTEXT>
    <REPTEXT>청구일(결제일)</REPTEXT>
    <SCRTEXT_S>청구일(결제일)</SCRTEXT_S>
    <SCRTEXT_M>청구일(결제일)</SCRTEXT_M>
    <SCRTEXT_L>청구일(결제일)</SCRTEXT_L>
    <DTELMASTER>3</DTELMASTER>
    <REFKIND>D</REFKIND>
   </DD04V>
  </asx:values>
 </asx:abap>
</abapGit>
