﻿<?xml version="1.0" encoding="utf-8"?>
<abapGit version="v1.0.0" serializer="LCL_OBJECT_DTEL" serializer_version="v1.0.0">
 <asx:abap xmlns:asx="http://www.sap.com/abapxml" version="1.0">
  <asx:values>
   <DD04V>
    <ROLLNAME>ZE_CHECKOUTDATE</ROLLNAME>
    <DDLANGUAGE>3</DDLANGUAGE>
    <DOMNAME>DATUM</DOMNAME>
    <HEADLEN>03</HEADLEN>
    <SCRLEN1>03</SCRLEN1>
    <SCRLEN2>03</SCRLEN2>
    <SCRLEN3>03</SCRLEN3>
    <DDTEXT>퇴실일</DDTEXT>
    <REPTEXT>퇴실일</REPTEXT>
    <SCRTEXT_S>퇴실일</SCRTEXT_S>
    <SCRTEXT_M>퇴실일</SCRTEXT_M>
    <SCRTEXT_L>퇴실일</SCRTEXT_L>
    <DTELMASTER>3</DTELMASTER>
    <REFKIND>D</REFKIND>
   </DD04V>
  </asx:values>
 </asx:abap>
</abapGit>
