﻿<?xml version="1.0" encoding="utf-8"?>
<abapGit version="v1.0.0" serializer="LCL_OBJECT_DTEL" serializer_version="v1.0.0">
 <asx:abap xmlns:asx="http://www.sap.com/abapxml" version="1.0">
  <asx:values>
   <DD04V>
    <ROLLNAME>ZE_CO_REG_NB</ROLLNAME>
    <DDLANGUAGE>3</DDLANGUAGE>
    <HEADLEN>11</HEADLEN>
    <SCRLEN1>10</SCRLEN1>
    <SCRLEN2>11</SCRLEN2>
    <SCRLEN3>11</SCRLEN3>
    <DDTEXT>[FI] 카드소유주 사업자번호</DDTEXT>
    <REPTEXT>카드소유주 사업자번호</REPTEXT>
    <SCRTEXT_S>카드소유주 사업자번</SCRTEXT_S>
    <SCRTEXT_M>카드소유주 사업자번호</SCRTEXT_M>
    <SCRTEXT_L>카드소유주 사업자번호</SCRTEXT_L>
    <DTELMASTER>3</DTELMASTER>
    <DATATYPE>CHAR</DATATYPE>
    <LENG>000010</LENG>
    <OUTPUTLEN>000010</OUTPUTLEN>
   </DD04V>
  </asx:values>
 </asx:abap>
</abapGit>
