﻿<?xml version="1.0" encoding="utf-8"?>
<abapGit version="v1.0.0" serializer="LCL_OBJECT_DTEL" serializer_version="v1.0.0">
 <asx:abap xmlns:asx="http://www.sap.com/abapxml" version="1.0">
  <asx:values>
   <DD04V>
    <ROLLNAME>ZE_CHECK_DATE</ROLLNAME>
    <DDLANGUAGE>3</DDLANGUAGE>
    <HEADLEN>04</HEADLEN>
    <SCRLEN1>04</SCRLEN1>
    <SCRLEN2>04</SCRLEN2>
    <SCRLEN3>04</SCRLEN3>
    <DDTEXT>[FI] 거래일자</DDTEXT>
    <REPTEXT>거래일자</REPTEXT>
    <SCRTEXT_S>거래일자</SCRTEXT_S>
    <SCRTEXT_M>거래일자</SCRTEXT_M>
    <SCRTEXT_L>거래일자</SCRTEXT_L>
    <DTELMASTER>3</DTELMASTER>
    <DATATYPE>DATS</DATATYPE>
    <LENG>000008</LENG>
    <OUTPUTLEN>000010</OUTPUTLEN>
   </DD04V>
  </asx:values>
 </asx:abap>
</abapGit>
