﻿<?xml version="1.0" encoding="utf-8"?>
<abapGit version="v1.0.0" serializer="LCL_OBJECT_DTEL" serializer_version="v1.0.0">
 <asx:abap xmlns:asx="http://www.sap.com/abapxml" version="1.0">
  <asx:values>
   <DD04V>
    <ROLLNAME>ZE_CUSTOMER_NAME</ROLLNAME>
    <DDLANGUAGE>3</DDLANGUAGE>
    <DOMNAME>ZD_CUSTOMER_NAME</DOMNAME>
    <HEADLEN>25</HEADLEN>
    <SCRLEN1>10</SCRLEN1>
    <SCRLEN2>15</SCRLEN2>
    <SCRLEN3>20</SCRLEN3>
    <DDTEXT>고객명</DDTEXT>
    <REPTEXT>고객명</REPTEXT>
    <SCRTEXT_S>고객명</SCRTEXT_S>
    <SCRTEXT_M>고객명</SCRTEXT_M>
    <SCRTEXT_L>고객명</SCRTEXT_L>
    <DTELMASTER>3</DTELMASTER>
    <DEFFDNAME>ZE_CUSTOMER_NAME</DEFFDNAME>
    <REFKIND>D</REFKIND>
   </DD04V>
  </asx:values>
 </asx:abap>
</abapGit>
