﻿<?xml version="1.0" encoding="utf-8"?>
<abapGit version="v1.0.0" serializer="LCL_OBJECT_DTEL" serializer_version="v1.0.0">
 <asx:abap xmlns:asx="http://www.sap.com/abapxml" version="1.0">
  <asx:values>
   <DD04V>
    <ROLLNAME>ZE_CASH</ROLLNAME>
    <DDLANGUAGE>3</DDLANGUAGE>
    <HEADLEN>02</HEADLEN>
    <SCRLEN1>02</SCRLEN1>
    <SCRLEN2>02</SCRLEN2>
    <SCRLEN3>02</SCRLEN3>
    <DDTEXT>[FI] 현금</DDTEXT>
    <REPTEXT>현금</REPTEXT>
    <SCRTEXT_S>현금</SCRTEXT_S>
    <SCRTEXT_M>현금</SCRTEXT_M>
    <SCRTEXT_L>현금</SCRTEXT_L>
    <DTELMASTER>3</DTELMASTER>
    <DATATYPE>CURR</DATATYPE>
    <LENG>000020</LENG>
    <DECIMALS>000002</DECIMALS>
    <OUTPUTLEN>000026</OUTPUTLEN>
   </DD04V>
  </asx:values>
 </asx:abap>
</abapGit>
