﻿<?xml version="1.0" encoding="utf-8"?>
<abapGit version="v1.0.0" serializer="LCL_OBJECT_DTEL" serializer_version="v1.0.0">
 <asx:abap xmlns:asx="http://www.sap.com/abapxml" version="1.0">
  <asx:values>
   <DD04V>
    <ROLLNAME>ZE_EARNER_TYPE2</ROLLNAME>
    <DDLANGUAGE>3</DDLANGUAGE>
    <DOMNAME>ZD_EARNER_TYPE2</DOMNAME>
    <HEADLEN>10</HEADLEN>
    <SCRLEN1>10</SCRLEN1>
    <SCRLEN2>10</SCRLEN2>
    <SCRLEN3>10</SCRLEN3>
    <DDTEXT>법인개인 구분 코드</DDTEXT>
    <REPTEXT>법인개인 구분 코드</REPTEXT>
    <SCRTEXT_S>법인개인 구분 코드</SCRTEXT_S>
    <SCRTEXT_M>법인개인 구분 코드</SCRTEXT_M>
    <SCRTEXT_L>법인개인 구분 코드</SCRTEXT_L>
    <DTELMASTER>3</DTELMASTER>
    <REFKIND>D</REFKIND>
   </DD04V>
  </asx:values>
 </asx:abap>
</abapGit>
