﻿<?xml version="1.0" encoding="utf-8"?>
<abapGit version="v1.0.0" serializer="LCL_OBJECT_DTEL" serializer_version="v1.0.0">
 <asx:abap xmlns:asx="http://www.sap.com/abapxml" version="1.0">
  <asx:values>
   <DD04V>
    <ROLLNAME>ZE_EARNER_COUNTRY_CODE</ROLLNAME>
    <DDLANGUAGE>3</DDLANGUAGE>
    <DOMNAME>LAND1</DOMNAME>
    <HEADLEN>11</HEADLEN>
    <SCRLEN1>10</SCRLEN1>
    <SCRLEN2>11</SCRLEN2>
    <SCRLEN3>11</SCRLEN3>
    <DDTEXT>소득자 거주지국 코드</DDTEXT>
    <REPTEXT>소득자 거주지국 코드</REPTEXT>
    <SCRTEXT_S>소득자 거주지국 코</SCRTEXT_S>
    <SCRTEXT_M>소득자 거주지국 코드</SCRTEXT_M>
    <SCRTEXT_L>소득자 거주지국 코드</SCRTEXT_L>
    <DTELMASTER>3</DTELMASTER>
    <REFKIND>D</REFKIND>
   </DD04V>
  </asx:values>
 </asx:abap>
</abapGit>
