﻿<?xml version="1.0" encoding="utf-8"?>
<abapGit version="v1.0.0" serializer="LCL_OBJECT_DTEL" serializer_version="v1.0.0">
 <asx:abap xmlns:asx="http://www.sap.com/abapxml" version="1.0">
  <asx:values>
   <DD04V>
    <ROLLNAME>ZE_ERP_TRANS_TIME</ROLLNAME>
    <DDLANGUAGE>3</DDLANGUAGE>
    <DOMNAME>UZEIT</DOMNAME>
    <HEADLEN>07</HEADLEN>
    <SCRLEN1>07</SCRLEN1>
    <SCRLEN2>07</SCRLEN2>
    <SCRLEN3>07</SCRLEN3>
    <DDTEXT>ERP전송시간</DDTEXT>
    <REPTEXT>ERP전송시간</REPTEXT>
    <SCRTEXT_S>ERP전송시간</SCRTEXT_S>
    <SCRTEXT_M>ERP전송시간</SCRTEXT_M>
    <SCRTEXT_L>ERP전송시간</SCRTEXT_L>
    <DTELMASTER>3</DTELMASTER>
    <REFKIND>D</REFKIND>
   </DD04V>
  </asx:values>
 </asx:abap>
</abapGit>
