﻿<?xml version="1.0" encoding="utf-8"?>
<abapGit version="v1.0.0" serializer="LCL_OBJECT_DTEL" serializer_version="v1.0.0">
 <asx:abap xmlns:asx="http://www.sap.com/abapxml" version="1.0">
  <asx:values>
   <DD04V>
    <ROLLNAME>ZE_EARNER_REGNO</ROLLNAME>
    <DDLANGUAGE>3</DDLANGUAGE>
    <HEADLEN>15</HEADLEN>
    <SCRLEN1>10</SCRLEN1>
    <SCRLEN2>15</SCRLEN2>
    <SCRLEN3>15</SCRLEN3>
    <DDTEXT>소득자 사업자(주민)등록번호</DDTEXT>
    <REPTEXT>소득자 사업자(주민)등록번호</REPTEXT>
    <SCRTEXT_S>소득자 사업자(주민</SCRTEXT_S>
    <SCRTEXT_M>소득자 사업자(주민)등록번호</SCRTEXT_M>
    <SCRTEXT_L>소득자 사업자(주민)등록번호</SCRTEXT_L>
    <DTELMASTER>3</DTELMASTER>
    <DATATYPE>CHAR</DATATYPE>
    <LENG>000013</LENG>
    <OUTPUTLEN>000013</OUTPUTLEN>
   </DD04V>
  </asx:values>
 </asx:abap>
</abapGit>
