﻿<?xml version="1.0" encoding="utf-8"?>
<abapGit version="v1.0.0" serializer="LCL_OBJECT_DTEL" serializer_version="v1.0.0">
 <asx:abap xmlns:asx="http://www.sap.com/abapxml" version="1.0">
  <asx:values>
   <DD04V>
    <ROLLNAME>ZE_EARNER_NM</ROLLNAME>
    <DDLANGUAGE>3</DDLANGUAGE>
    <HEADLEN>10</HEADLEN>
    <SCRLEN1>10</SCRLEN1>
    <SCRLEN2>10</SCRLEN2>
    <SCRLEN3>10</SCRLEN3>
    <DDTEXT>소득자 성명(상호)</DDTEXT>
    <REPTEXT>소득자 성명(상호)</REPTEXT>
    <SCRTEXT_S>소득자 성명(상호)</SCRTEXT_S>
    <SCRTEXT_M>소득자 성명(상호)</SCRTEXT_M>
    <SCRTEXT_L>소득자 성명(상호)</SCRTEXT_L>
    <DTELMASTER>3</DTELMASTER>
    <DATATYPE>CHAR</DATATYPE>
    <LENG>000050</LENG>
    <OUTPUTLEN>000050</OUTPUTLEN>
   </DD04V>
  </asx:values>
 </asx:abap>
</abapGit>
