﻿<?xml version="1.0" encoding="utf-8"?>
<abapGit version="v1.0.0" serializer="LCL_OBJECT_DTEL" serializer_version="v1.0.0">
 <asx:abap xmlns:asx="http://www.sap.com/abapxml" version="1.0">
  <asx:values>
   <DD04V>
    <ROLLNAME>ZE_EARNER_RESIDENCE_TYPE</ROLLNAME>
    <DDLANGUAGE>3</DDLANGUAGE>
    <DOMNAME>ZD_EARNER_RESIDENCE_TYPE</DOMNAME>
    <HEADLEN>09</HEADLEN>
    <SCRLEN1>09</SCRLEN1>
    <SCRLEN2>09</SCRLEN2>
    <SCRLEN3>09</SCRLEN3>
    <DDTEXT>소득자 거주 구분</DDTEXT>
    <REPTEXT>소득자 거주 구분</REPTEXT>
    <SCRTEXT_S>소득자 거주 구분</SCRTEXT_S>
    <SCRTEXT_M>소득자 거주 구분</SCRTEXT_M>
    <SCRTEXT_L>소득자 거주 구분</SCRTEXT_L>
    <DTELMASTER>3</DTELMASTER>
    <REFKIND>D</REFKIND>
   </DD04V>
  </asx:values>
 </asx:abap>
</abapGit>
