﻿<?xml version="1.0" encoding="utf-8"?>
<abapGit version="v1.0.0" serializer="LCL_OBJECT_DTEL" serializer_version="v1.0.0">
 <asx:abap xmlns:asx="http://www.sap.com/abapxml" version="1.0">
  <asx:values>
   <DD04V>
    <ROLLNAME>ZE_EARNER_ADDRESS</ROLLNAME>
    <DDLANGUAGE>3</DDLANGUAGE>
    <HEADLEN>06</HEADLEN>
    <SCRLEN1>06</SCRLEN1>
    <SCRLEN2>06</SCRLEN2>
    <SCRLEN3>06</SCRLEN3>
    <DDTEXT>소득자 주소</DDTEXT>
    <REPTEXT>소득자 주소</REPTEXT>
    <SCRTEXT_S>소득자 주소</SCRTEXT_S>
    <SCRTEXT_M>소득자 주소</SCRTEXT_M>
    <SCRTEXT_L>소득자 주소</SCRTEXT_L>
    <DTELMASTER>3</DTELMASTER>
    <DATATYPE>CHAR</DATATYPE>
    <LENG>000100</LENG>
    <OUTPUTLEN>000100</OUTPUTLEN>
   </DD04V>
  </asx:values>
 </asx:abap>
</abapGit>
