﻿<?xml version="1.0" encoding="utf-8"?>
<abapGit version="v1.0.0" serializer="LCL_OBJECT_DTEL" serializer_version="v1.0.0">
 <asx:abap xmlns:asx="http://www.sap.com/abapxml" version="1.0">
  <asx:values>
   <DD04V>
    <ROLLNAME>ZE_EPS_REV_NO</ROLLNAME>
    <DDLANGUAGE>3</DDLANGUAGE>
    <HEADLEN>08</HEADLEN>
    <SCRLEN1>08</SCRLEN1>
    <SCRLEN2>08</SCRLEN2>
    <SCRLEN3>08</SCRLEN3>
    <DDTEXT>EPS 주분번호</DDTEXT>
    <REPTEXT>EPS 주분번호</REPTEXT>
    <SCRTEXT_S>EPS 주분번호</SCRTEXT_S>
    <SCRTEXT_M>EPS 주분번호</SCRTEXT_M>
    <SCRTEXT_L>EPS 주분번호</SCRTEXT_L>
    <DTELMASTER>3</DTELMASTER>
    <DATATYPE>CHAR</DATATYPE>
    <LENG>000040</LENG>
    <OUTPUTLEN>000040</OUTPUTLEN>
   </DD04V>
  </asx:values>
 </asx:abap>
</abapGit>
