﻿<?xml version="1.0" encoding="utf-8"?>
<abapGit version="v1.0.0" serializer="LCL_OBJECT_DTEL" serializer_version="v1.0.0">
 <asx:abap xmlns:asx="http://www.sap.com/abapxml" version="1.0">
  <asx:values>
   <DD04V>
    <ROLLNAME>ZE_EXEC_STATUS</ROLLNAME>
    <DDLANGUAGE>3</DDLANGUAGE>
    <HEADLEN>55</HEADLEN>
    <SCRLEN1>10</SCRLEN1>
    <SCRLEN2>20</SCRLEN2>
    <SCRLEN3>40</SCRLEN3>
    <DDTEXT>[FI] 처리상태</DDTEXT>
    <REPTEXT>처리상태</REPTEXT>
    <SCRTEXT_S>처리상태</SCRTEXT_S>
    <SCRTEXT_M>처리상태</SCRTEXT_M>
    <SCRTEXT_L>처리상태</SCRTEXT_L>
    <DTELMASTER>3</DTELMASTER>
    <DATATYPE>CHAR</DATATYPE>
    <LENG>000002</LENG>
    <OUTPUTLEN>000002</OUTPUTLEN>
   </DD04V>
  </asx:values>
 </asx:abap>
</abapGit>
