﻿<?xml version="1.0" encoding="utf-8"?>
<abapGit version="v1.0.0" serializer="LCL_OBJECT_DTEL" serializer_version="v1.0.0">
 <asx:abap xmlns:asx="http://www.sap.com/abapxml" version="1.0">
  <asx:values>
   <DD04V>
    <ROLLNAME>ZE_EARNER_ACCOUNT</ROLLNAME>
    <DDLANGUAGE>3</DDLANGUAGE>
    <HEADLEN>14</HEADLEN>
    <SCRLEN1>10</SCRLEN1>
    <SCRLEN2>14</SCRLEN2>
    <SCRLEN3>14</SCRLEN3>
    <DDTEXT>소득자 계좌번호(발행번호)</DDTEXT>
    <REPTEXT>소득자 계좌번호(발행번호)</REPTEXT>
    <SCRTEXT_S>소득자 계좌번호(발</SCRTEXT_S>
    <SCRTEXT_M>소득자 계좌번호(발행번호)</SCRTEXT_M>
    <SCRTEXT_L>소득자 계좌번호(발행번호)</SCRTEXT_L>
    <DTELMASTER>3</DTELMASTER>
    <DATATYPE>CHAR</DATATYPE>
    <LENG>000030</LENG>
    <OUTPUTLEN>000030</OUTPUTLEN>
   </DD04V>
  </asx:values>
 </asx:abap>
</abapGit>
