﻿<?xml version="1.0" encoding="utf-8"?>
<abapGit version="v1.0.0" serializer="LCL_OBJECT_DTEL" serializer_version="v1.0.0">
 <asx:abap xmlns:asx="http://www.sap.com/abapxml" version="1.0">
  <asx:values>
   <DD04V>
    <ROLLNAME>ZE_FR_TAX_CLOSURE_GBN</ROLLNAME>
    <DDLANGUAGE>3</DDLANGUAGE>
    <DOMNAME>ZD_FR_TAX_CLOSURE_GBN</DOMNAME>
    <HEADLEN>12</HEADLEN>
    <SCRLEN1>10</SCRLEN1>
    <SCRLEN2>12</SCRLEN2>
    <SCRLEN3>12</SCRLEN3>
    <DDTEXT>[FI] 가맹점과세유형휴폐업구분</DDTEXT>
    <REPTEXT>가맹점과세유형휴폐업구분</REPTEXT>
    <SCRTEXT_S>가맹점과세유형휴폐업</SCRTEXT_S>
    <SCRTEXT_M>가맹점과세유형휴폐업구분</SCRTEXT_M>
    <SCRTEXT_L>가맹점과세유형휴폐업구분</SCRTEXT_L>
    <DTELMASTER>3</DTELMASTER>
    <REFKIND>D</REFKIND>
   </DD04V>
  </asx:values>
 </asx:abap>
</abapGit>
