﻿<?xml version="1.0" encoding="utf-8"?>
<abapGit version="v1.0.0" serializer="LCL_OBJECT_DTEL" serializer_version="v1.0.0">
 <asx:abap xmlns:asx="http://www.sap.com/abapxml" version="1.0">
  <asx:values>
   <DD04V>
    <ROLLNAME>ZE_FR_SURTAX_STATUS</ROLLNAME>
    <DDLANGUAGE>3</DDLANGUAGE>
    <HEADLEN>10</HEADLEN>
    <SCRLEN1>10</SCRLEN1>
    <SCRLEN2>10</SCRLEN2>
    <SCRLEN3>10</SCRLEN3>
    <DDTEXT>[FI] 가맹점부가세과세상태</DDTEXT>
    <REPTEXT>가맹점부가세과세상태</REPTEXT>
    <SCRTEXT_S>가맹점부가세과세상태</SCRTEXT_S>
    <SCRTEXT_M>가맹점부가세과세상태</SCRTEXT_M>
    <SCRTEXT_L>가맹점부가세과세상태</SCRTEXT_L>
    <DTELMASTER>3</DTELMASTER>
    <DATATYPE>CHAR</DATATYPE>
    <LENG>000200</LENG>
    <OUTPUTLEN>000200</OUTPUTLEN>
   </DD04V>
  </asx:values>
 </asx:abap>
</abapGit>
