﻿<?xml version="1.0" encoding="utf-8"?>
<abapGit version="v1.0.0" serializer="LCL_OBJECT_DTEL" serializer_version="v1.0.0">
 <asx:abap xmlns:asx="http://www.sap.com/abapxml" version="1.0">
  <asx:values>
   <DD04V>
    <ROLLNAME>ZE_FEE_AMT_TAX</ROLLNAME>
    <DDLANGUAGE>3</DDLANGUAGE>
    <HEADLEN>10</HEADLEN>
    <SCRLEN1>10</SCRLEN1>
    <SCRLEN2>10</SCRLEN2>
    <SCRLEN3>10</SCRLEN3>
    <DDTEXT>[FI] PG수수료 부가세액</DDTEXT>
    <REPTEXT>PG수수료 부가세액</REPTEXT>
    <SCRTEXT_S>PG수수료 부가세액</SCRTEXT_S>
    <SCRTEXT_M>PG수수료 부가세액</SCRTEXT_M>
    <SCRTEXT_L>PG수수료 부가세액</SCRTEXT_L>
    <DTELMASTER>3</DTELMASTER>
    <DATATYPE>CHAR</DATATYPE>
    <LENG>000020</LENG>
    <OUTPUTLEN>000020</OUTPUTLEN>
   </DD04V>
  </asx:values>
 </asx:abap>
</abapGit>
