﻿<?xml version="1.0" encoding="utf-8"?>
<abapGit version="v1.0.0" serializer="LCL_OBJECT_DTEL" serializer_version="v1.0.0">
 <asx:abap xmlns:asx="http://www.sap.com/abapxml" version="1.0">
  <asx:values>
   <DD04V>
    <ROLLNAME>ZE_FSEQ</ROLLNAME>
    <DDLANGUAGE>3</DDLANGUAGE>
    <HEADLEN>08</HEADLEN>
    <SCRLEN1>08</SCRLEN1>
    <SCRLEN2>08</SCRLEN2>
    <SCRLEN3>08</SCRLEN3>
    <DDTEXT>금융상품일련번호</DDTEXT>
    <REPTEXT>금융상품일련번호</REPTEXT>
    <SCRTEXT_S>금융상품일련번호</SCRTEXT_S>
    <SCRTEXT_M>금융상품일련번호</SCRTEXT_M>
    <SCRTEXT_L>금융상품일련번호</SCRTEXT_L>
    <DTELMASTER>3</DTELMASTER>
    <DATATYPE>NUMC</DATATYPE>
    <LENG>000004</LENG>
    <OUTPUTLEN>000004</OUTPUTLEN>
   </DD04V>
  </asx:values>
 </asx:abap>
</abapGit>
