﻿<?xml version="1.0" encoding="utf-8"?>
<abapGit version="v1.0.0" serializer="LCL_OBJECT_DTEL" serializer_version="v1.0.0">
 <asx:abap xmlns:asx="http://www.sap.com/abapxml" version="1.0">
  <asx:values>
   <DD04V>
    <ROLLNAME>ZE_FR_CO_REG_NB</ROLLNAME>
    <DDLANGUAGE>3</DDLANGUAGE>
    <HEADLEN>08</HEADLEN>
    <SCRLEN1>08</SCRLEN1>
    <SCRLEN2>08</SCRLEN2>
    <SCRLEN3>08</SCRLEN3>
    <DDTEXT>[FI] 가맹점사업자번호</DDTEXT>
    <REPTEXT>가맹점사업자번호</REPTEXT>
    <SCRTEXT_S>가맹점사업자번호</SCRTEXT_S>
    <SCRTEXT_M>가맹점사업자번호</SCRTEXT_M>
    <SCRTEXT_L>가맹점사업자번호</SCRTEXT_L>
    <DTELMASTER>3</DTELMASTER>
    <DATATYPE>CHAR</DATATYPE>
    <LENG>000020</LENG>
    <OUTPUTLEN>000020</OUTPUTLEN>
   </DD04V>
  </asx:values>
 </asx:abap>
</abapGit>
