﻿<?xml version="1.0" encoding="utf-8"?>
<abapGit version="v1.0.0" serializer="LCL_OBJECT_DTEL" serializer_version="v1.0.0">
 <asx:abap xmlns:asx="http://www.sap.com/abapxml" version="1.0">
  <asx:values>
   <DD04V>
    <ROLLNAME>ZE_FINAL_DATE</ROLLNAME>
    <DDLANGUAGE>3</DDLANGUAGE>
    <HEADLEN>10</HEADLEN>
    <SCRLEN1>10</SCRLEN1>
    <SCRLEN2>20</SCRLEN2>
    <SCRLEN3>40</SCRLEN3>
    <DDTEXT>[FI] 만기일자</DDTEXT>
    <REPTEXT>만기일자</REPTEXT>
    <SCRTEXT_S>만기일자</SCRTEXT_S>
    <SCRTEXT_M>만기일자</SCRTEXT_M>
    <SCRTEXT_L>만기일자</SCRTEXT_L>
    <DTELMASTER>3</DTELMASTER>
    <DATATYPE>CHAR</DATATYPE>
    <LENG>000010</LENG>
    <OUTPUTLEN>000010</OUTPUTLEN>
   </DD04V>
  </asx:values>
 </asx:abap>
</abapGit>
