﻿<?xml version="1.0" encoding="utf-8"?>
<abapGit version="v1.0.0" serializer="LCL_OBJECT_DTEL" serializer_version="v1.0.0">
 <asx:abap xmlns:asx="http://www.sap.com/abapxml" version="1.0">
  <asx:values>
   <DD04V>
    <ROLLNAME>ZE_FNAME</ROLLNAME>
    <DDLANGUAGE>3</DDLANGUAGE>
    <HEADLEN>06</HEADLEN>
    <SCRLEN1>06</SCRLEN1>
    <SCRLEN2>06</SCRLEN2>
    <SCRLEN3>06</SCRLEN3>
    <DDTEXT>금융상품내역</DDTEXT>
    <REPTEXT>금융상품내역</REPTEXT>
    <SCRTEXT_S>금융상품내역</SCRTEXT_S>
    <SCRTEXT_M>금융상품내역</SCRTEXT_M>
    <SCRTEXT_L>금융상품내역</SCRTEXT_L>
    <DTELMASTER>3</DTELMASTER>
    <DATATYPE>CHAR</DATATYPE>
    <LENG>000050</LENG>
    <OUTPUTLEN>000050</OUTPUTLEN>
   </DD04V>
  </asx:values>
 </asx:abap>
</abapGit>
