﻿<?xml version="1.0" encoding="utf-8"?>
<abapGit version="v1.0.0" serializer="LCL_OBJECT_DTEL" serializer_version="v1.0.0">
 <asx:abap xmlns:asx="http://www.sap.com/abapxml" version="1.0">
  <asx:values>
   <DD04V>
    <ROLLNAME>ZE_FEE_AMT_TOTAL_C</ROLLNAME>
    <DDLANGUAGE>3</DDLANGUAGE>
    <DOMNAME>/BA1/F4_FX_AMOUNT</DOMNAME>
    <HEADLEN>08</HEADLEN>
    <SCRLEN1>08</SCRLEN1>
    <SCRLEN2>08</SCRLEN2>
    <SCRLEN3>08</SCRLEN3>
    <DDTEXT>PG수수료 총액</DDTEXT>
    <REPTEXT>PG수수료 총액</REPTEXT>
    <SCRTEXT_S>PG수수료 총액</SCRTEXT_S>
    <SCRTEXT_M>PG수수료 총액</SCRTEXT_M>
    <SCRTEXT_L>PG수수료 총액</SCRTEXT_L>
    <DTELMASTER>3</DTELMASTER>
    <REFKIND>D</REFKIND>
   </DD04V>
  </asx:values>
 </asx:abap>
</abapGit>
