﻿<?xml version="1.0" encoding="utf-8"?>
<abapGit version="v1.0.0" serializer="LCL_OBJECT_DTEL" serializer_version="v1.0.0">
 <asx:abap xmlns:asx="http://www.sap.com/abapxml" version="1.0">
  <asx:values>
   <DD04V>
    <ROLLNAME>ZE_FILE_CODE</ROLLNAME>
    <DDLANGUAGE>3</DDLANGUAGE>
    <DOMNAME>ZD_FILE_CODE</DOMNAME>
    <HEADLEN>55</HEADLEN>
    <SCRLEN1>10</SCRLEN1>
    <SCRLEN2>20</SCRLEN2>
    <SCRLEN3>40</SCRLEN3>
    <DDTEXT>KCP File Type Code</DDTEXT>
    <REPTEXT>KCP File Type Code</REPTEXT>
    <SCRTEXT_S>KCP File T</SCRTEXT_S>
    <SCRTEXT_M>KCP File Type Code</SCRTEXT_M>
    <SCRTEXT_L>KCP File Type Code</SCRTEXT_L>
    <DTELMASTER>3</DTELMASTER>
    <REFKIND>D</REFKIND>
   </DD04V>
  </asx:values>
 </asx:abap>
</abapGit>
