﻿<?xml version="1.0" encoding="utf-8"?>
<abapGit version="v1.0.0" serializer="LCL_OBJECT_DTEL" serializer_version="v1.0.0">
 <asx:abap xmlns:asx="http://www.sap.com/abapxml" version="1.0">
  <asx:values>
   <DD04V>
    <ROLLNAME>ZE_GW_DOC_ID</ROLLNAME>
    <DDLANGUAGE>3</DDLANGUAGE>
    <HEADLEN>08</HEADLEN>
    <SCRLEN1>08</SCRLEN1>
    <SCRLEN2>08</SCRLEN2>
    <SCRLEN3>08</SCRLEN3>
    <DDTEXT>[FI] 그룹웨어문서ID</DDTEXT>
    <REPTEXT>그룹웨어문서ID</REPTEXT>
    <SCRTEXT_S>그룹웨어문서ID</SCRTEXT_S>
    <SCRTEXT_M>그룹웨어문서ID</SCRTEXT_M>
    <SCRTEXT_L>그룹웨어문서ID</SCRTEXT_L>
    <DTELMASTER>3</DTELMASTER>
    <DATATYPE>CHAR</DATATYPE>
    <LENG>000015</LENG>
    <OUTPUTLEN>000015</OUTPUTLEN>
   </DD04V>
  </asx:values>
 </asx:abap>
</abapGit>
