﻿<?xml version="1.0" encoding="utf-8"?>
<abapGit version="v1.0.0" serializer="LCL_OBJECT_DTEL" serializer_version="v1.0.0">
 <asx:abap xmlns:asx="http://www.sap.com/abapxml" version="1.0">
  <asx:values>
   <DD04V>
    <ROLLNAME>ZE_GW_ZCARDKEY</ROLLNAME>
    <DDLANGUAGE>3</DDLANGUAGE>
    <HEADLEN>55</HEADLEN>
    <SCRLEN1>10</SCRLEN1>
    <SCRLEN2>20</SCRLEN2>
    <SCRLEN3>40</SCRLEN3>
    <DDTEXT>[FI] 카드매입Key(카드승인번호)</DDTEXT>
    <REPTEXT>카드매입Key(카드승인번호)</REPTEXT>
    <SCRTEXT_S>카드매입Key</SCRTEXT_S>
    <SCRTEXT_M>카드매입Key(카드승인번호)</SCRTEXT_M>
    <SCRTEXT_L>카드매입Key(카드승인번호)</SCRTEXT_L>
    <DTELMASTER>3</DTELMASTER>
    <DATATYPE>CHAR</DATATYPE>
    <LENG>000062</LENG>
    <OUTPUTLEN>000062</OUTPUTLEN>
   </DD04V>
  </asx:values>
 </asx:abap>
</abapGit>
