﻿<?xml version="1.0" encoding="utf-8"?>
<abapGit version="v1.0.0" serializer="LCL_OBJECT_DTEL" serializer_version="v1.0.0">
 <asx:abap xmlns:asx="http://www.sap.com/abapxml" version="1.0">
  <asx:values>
   <DD04V>
    <ROLLNAME>ZE_GW_USERID</ROLLNAME>
    <DDLANGUAGE>3</DDLANGUAGE>
    <HEADLEN>55</HEADLEN>
    <SCRLEN1>10</SCRLEN1>
    <SCRLEN2>20</SCRLEN2>
    <SCRLEN3>40</SCRLEN3>
    <DDTEXT>[FI] e-Accounting ID</DDTEXT>
    <REPTEXT>e-Accounting ID</REPTEXT>
    <SCRTEXT_S>e-Acc ID</SCRTEXT_S>
    <SCRTEXT_M>e-Accounting ID</SCRTEXT_M>
    <SCRTEXT_L>e-Accounting ID</SCRTEXT_L>
    <DTELMASTER>3</DTELMASTER>
    <DATATYPE>CHAR</DATATYPE>
    <LENG>000100</LENG>
    <OUTPUTLEN>000100</OUTPUTLEN>
   </DD04V>
  </asx:values>
 </asx:abap>
</abapGit>
