﻿<?xml version="1.0" encoding="utf-8"?>
<abapGit version="v1.0.0" serializer="LCL_OBJECT_DTEL" serializer_version="v1.0.0">
 <asx:abap xmlns:asx="http://www.sap.com/abapxml" version="1.0">
  <asx:values>
   <DD04V>
    <ROLLNAME>ZE_GW_ANLN1_GW</ROLLNAME>
    <DDLANGUAGE>3</DDLANGUAGE>
    <DOMNAME>ZD_GW_ANLN1_GW</DOMNAME>
    <HEADLEN>06</HEADLEN>
    <SCRLEN1>06</SCRLEN1>
    <SCRLEN2>06</SCRLEN2>
    <SCRLEN3>06</SCRLEN3>
    <DDTEXT>그룹웨어자산</DDTEXT>
    <REPTEXT>그룹웨어자산</REPTEXT>
    <SCRTEXT_S>그룹웨어자산</SCRTEXT_S>
    <SCRTEXT_M>그룹웨어자산</SCRTEXT_M>
    <SCRTEXT_L>그룹웨어자산</SCRTEXT_L>
    <DTELMASTER>3</DTELMASTER>
    <REFKIND>D</REFKIND>
   </DD04V>
  </asx:values>
 </asx:abap>
</abapGit>
