﻿<?xml version="1.0" encoding="utf-8"?>
<abapGit version="v1.0.0" serializer="LCL_OBJECT_DTEL" serializer_version="v1.0.0">
 <asx:abap xmlns:asx="http://www.sap.com/abapxml" version="1.0">
  <asx:values>
   <DD04V>
    <ROLLNAME>ZE_GW_TAXAMT</ROLLNAME>
    <DDLANGUAGE>3</DDLANGUAGE>
    <HEADLEN>02</HEADLEN>
    <SCRLEN1>02</SCRLEN1>
    <SCRLEN2>02</SCRLEN2>
    <SCRLEN3>02</SCRLEN3>
    <DDTEXT>[FI] 세액</DDTEXT>
    <REPTEXT>세액</REPTEXT>
    <SCRTEXT_S>세액</SCRTEXT_S>
    <SCRTEXT_M>세액</SCRTEXT_M>
    <SCRTEXT_L>세액</SCRTEXT_L>
    <DTELMASTER>3</DTELMASTER>
    <DATATYPE>CHAR</DATATYPE>
    <LENG>000011</LENG>
    <OUTPUTLEN>000011</OUTPUTLEN>
   </DD04V>
  </asx:values>
 </asx:abap>
</abapGit>
