﻿<?xml version="1.0" encoding="utf-8"?>
<abapGit version="v1.0.0" serializer="LCL_OBJECT_DTEL" serializer_version="v1.0.0">
 <asx:abap xmlns:asx="http://www.sap.com/abapxml" version="1.0">
  <asx:values>
   <DD04V>
    <ROLLNAME>ZE_HKONT_S</ROLLNAME>
    <DDLANGUAGE>3</DDLANGUAGE>
    <DOMNAME>SAKNR</DOMNAME>
    <HEADLEN>10</HEADLEN>
    <SCRLEN1>10</SCRLEN1>
    <SCRLEN2>20</SCRLEN2>
    <SCRLEN3>40</SCRLEN3>
    <DDTEXT>[FI] 예금계정 시작</DDTEXT>
    <REPTEXT>예금계정 시작</REPTEXT>
    <SCRTEXT_S>예금계정 시작</SCRTEXT_S>
    <SCRTEXT_M>예금계정 시작</SCRTEXT_M>
    <SCRTEXT_L>예금계정 시작</SCRTEXT_L>
    <DTELMASTER>3</DTELMASTER>
    <REFKIND>D</REFKIND>
   </DD04V>
  </asx:values>
 </asx:abap>
</abapGit>
