﻿<?xml version="1.0" encoding="utf-8"?>
<abapGit version="v1.0.0" serializer="LCL_OBJECT_DTEL" serializer_version="v1.0.0">
 <asx:abap xmlns:asx="http://www.sap.com/abapxml" version="1.0">
  <asx:values>
   <DD04V>
    <ROLLNAME>ZEFLAG</ROLLNAME>
    <DDLANGUAGE>3</DDLANGUAGE>
    <DOMNAME>XFELD</DOMNAME>
    <HEADLEN>55</HEADLEN>
    <SCRLEN1>10</SCRLEN1>
    <SCRLEN2>20</SCRLEN2>
    <SCRLEN3>40</SCRLEN3>
    <DDTEXT>마감여부 (X : 예, &apos; &apos; : 아니요)</DDTEXT>
    <REPTEXT>마감여부</REPTEXT>
    <SCRTEXT_S>마감여부</SCRTEXT_S>
    <SCRTEXT_M>마감여부</SCRTEXT_M>
    <SCRTEXT_L>마감여부</SCRTEXT_L>
    <DTELMASTER>3</DTELMASTER>
    <REFKIND>D</REFKIND>
   </DD04V>
  </asx:values>
 </asx:abap>
</abapGit>
